place,wdr.A,wdr.B,dist.A,dist.B,reg.A.dist,ward.A.dist,dist_sum,acceptWR0,
biro,biro-ulanga.dc-morogoro,biro-malinyi.dc-morogoro,ulanga.dc,malinyi.dc,0,0,0,acceptWR0,
bunamhala,bunamhala-itilima.dc-simiyu,bunamhala-bariadi.tc-simiyu,itilima.dc,bariadi.tc,0,0,0,acceptWR0,
chase,makorongo-bahi.dc-dodoma,makorongo-chemba.dc-dodoma,bahi.dc,chemba.dc,0,0,0,acceptWR0,
chibelela,chibelela-dodoma.cc-dodoma,chibelela-bahi.dc-dodoma,dodoma.cc,bahi.dc,0,0,0,acceptWR0,
chizomoche,mbabala-bahi.dc-dodoma,mbabala-dodoma.cc-dodoma,bahi.dc,dodoma.cc,0,0,0,acceptWR0,
dar.es.salam,pugu-temeke.mc-dar.es.salaam,pugu-ilala.mc-dar.es.salaam,temeke.mc,ilala.mc,0,0,0,acceptWR0,
dodoma,msalato-bahi.dc-dodoma,msalato-dodoma.cc-dodoma,bahi.dc,dodoma.cc,0,0,0,acceptWR0,
hamia,makanda-chemba.dc-dodoma,makanda-bahi.dc-dodoma,chemba.dc,bahi.dc,0,0,0,acceptWR0,
isangha,chibelela-dodoma.cc-dodoma,chibelela-bahi.dc-dodoma,dodoma.cc,bahi.dc,0,0,0,acceptWR0,
itenka,itenka-mpanda.dc-katavi,itenka-nsimbo.dc-katavi,mpanda.dc,nsimbo.dc,0,0,0,acceptWR0,
kadashi,maligisu-magu.dc-mwanza,maligisu-kwimba.dc-mwanza,magu.dc,kwimba.dc,0,0,0,acceptWR0,
kidatu,kidatu-ifakara.tc-morogoro,kidatu-kilombero.dc-morogoro,ifakara.tc,kilombero.dc,0,0,0,acceptWR0,
kizota,kizota-bahi.dc-dodoma,kizota-dodoma.cc-dodoma,bahi.dc,dodoma.cc,0,0,0,acceptWR0,
kizunguzi,ilonga-kilosa.dc-morogoro,ilonga-ulanga.dc-morogoro,kilosa.dc,ulanga.dc,0,0,0,0 - Chanzulu,
makanyaga,kidatu-ifakara.tc-morogoro,kidatu-kilombero.dc-morogoro,ifakara.tc,kilombero.dc,0,0,0,acceptWR0,
mbalawawala,mbalawala-bahi.dc-dodoma,mbalawala-dodoma.cc-dodoma,bahi.dc,dodoma.cc,0,0,0,acceptWR0,
miomboni,mofu-ulanga.dc-morogoro,mofu-kilombero.dc-morogoro,ulanga.dc,kilombero.dc,0,0,0,acceptWR0,
msalato,msalato-bahi.dc-dodoma,msalato-dodoma.cc-dodoma,bahi.dc,dodoma.cc,0,0,0,acceptWR0,
muungano,muungano-mbarali.dc-mbeya,muungano-kyela.dc-mbeya,mbarali.dc,kyela.dc,0,0,0,acceptWR0,
mwakoloba,lamadi-bariadi.dc-simiyu,lamadi-busega.dc-simiyu,bariadi.dc,busega.dc,0,0,0,acceptWR0,
mwamagigisi,igalukilo-bariadi.dc-simiyu,igalukilo-busega.dc-simiyu,bariadi.dc,busega.dc,0,0,0,acceptWR0,
mwamigongwa,malili-bariadi.dc-simiyu,malili-busega.dc-simiyu,bariadi.dc,busega.dc,0,0,0,acceptWR0,
mwamilu,bunamhala-itilima.dc-simiyu,bunamhala-bariadi.tc-simiyu,itilima.dc,bariadi.tc,0,0,0,acceptWR0,
mwamtani,sagata-bariadi.tc-simiyu,sagata-itilima.dc-simiyu,bariadi.tc,itilima.dc,0,0,0,acceptWR0,
mwanza,igoma-ilemela.mc-mwanza,igoma-nyamagana.mc-mwanza,ilemela.mc,nyamagana.mc,0,0,0,acceptWR0,
nachingwea,nachingwea-nachingwea.dc-lindi,nachingwea-ruangwa.dc-lindi,nachingwea.dc,ruangwa.dc,0,0,0,0-nachingwea,
nachingwea,nachingwea-nachingwea.dc-lindi,nachingwea-lindi.mc-lindi,nachingwea.dc,lindi.mc,0,0,0,0-nachingwea,
namangale,namangale-ruangwa.dc-lindi,namangale-lindi.dc-lindi,ruangwa.dc,lindi.dc,0,0,0,acceptWR0,
nambunda,michenjele-masasi.dc-mtwara,michenjele-tandahimba.dc-mtwara,masasi.dc,tandahimba.dc,0,0,0,acceptWR0,
nandagala,nandagala-lindi.dc-lindi,nandagala-ruangwa.dc-lindi,lindi.dc,ruangwa.dc,0,0,0,acceptWR0,
nanyumbu,nanyumbu-masasi.dc-mtwara,nanyumbu-nanyumbu.dc-mtwara,masasi.dc,nanyumbu.dc,0,0,0,acceptWR0,
ndomoni,nachingwea-nachingwea.dc-lindi,nachingwea-ruangwa.dc-lindi,nachingwea.dc,ruangwa.dc,0,0,0,0-nachingwea,
ndomoni,nachingwea-nachingwea.dc-lindi,nachingwea-lindi.mc-lindi,nachingwea.dc,lindi.mc,0,0,0,0-nachingwea,
ngamanga,utengule-wanging.ombe.dc-njombe,utengule-makambako.tc-njombe,wanging.ombe.dc,makambako.tc,0,0,0,acceptWR0,
tunduma,tunduma-momba.dc-songwe,tunduma-tunduma.dc-songwe,momba.dc,tunduma.dc,0,0,0,0 - No Ward,
maleza,kate-sumbawanga.dc-rukwa,kate-nkasi.dc-rukwa,sumbawanga.dc,nkasi.dc,0,0,0,0 - Kipeta,
lunyala,majengo-nkasi.dc-rukwa,majengo-sumbawanga.mc-rukwa,nkasi.dc,sumbawanga.mc,0,0,0,0 - Nkomolo,
luhafwe,tongwe-tanganyika-tanganyika,tongwe-muheza.dc-tanga,tanganyika,muheza.dc,0.166666667,0,0.166666667,,
masasi,masasi-masasi.dc-mtwara,masasi-misungwi.dc-mwanza,masasi.dc,misungwi.dc,0.222222222,0,0.222222222,,
masasi,masasi-nanyumbu.dc-mtwara,masasi-misungwi.dc-mwanza,nanyumbu.dc,misungwi.dc,0.222222222,0,0.222222222,,
mogero,mawindi-mba-mba,mawindi-mbarali.dc-mbeya,mba,mbarali.dc,0.311111111,0,0.311111111,,
masuguru,masuguru-masuguru-masuguru,masuguru-nanyumbu.dc-mtwara,masuguru,nanyumbu.dc,0.375,0,0.375,,
makanda,makanda-makanda-makanda,makanda-manyoni.dc-singida,makanda,manyoni.dc,0.380952381,0,0.380952381,,
igalula,mpanda.ndogo-tanganyika-tanganyika,mpanda.ndogo-mpanda.dc-katavi,tanganyika,mpanda.dc,0.394444444,0,0.394444444,,
itenka,itenka-tanganyika-tanganyika,itenka-nsimbo.dc-katavi,tanganyika,nsimbo.dc,0.394444444,0,0.394444444,,
kabage,sibwesa-tanganyika-tanganyika,sibwesa-mpanda.dc-katavi,tanganyika,mpanda.dc,0.394444444,0,0.394444444,,
kaenze,sibwesa-tanganyika-tanganyika,sibwesa-mpanda.dc-katavi,tanganyika,mpanda.dc,0.394444444,0,0.394444444,,
kagunga,sibwesa-tanganyika-tanganyika,sibwesa-mpanda.dc-katavi,tanganyika,mpanda.dc,0.394444444,0,0.394444444,,
kanoge,sibwesa-tanganyika-tanganyika,sibwesa-mpanda.dc-katavi,tanganyika,mpanda.dc,0.394444444,0,0.394444444,,
kasekese,sibwesa-tanganyika-tanganyika,sibwesa-mpanda.dc-katavi,tanganyika,mpanda.dc,0.394444444,0,0.394444444,,
kungwi,sibwesa-tanganyika-tanganyika,sibwesa-mpanda.dc-katavi,tanganyika,mpanda.dc,0.394444444,0,0.394444444,,
magogo,sibwesa-tanganyika-tanganyika,sibwesa-mpanda.dc-katavi,tanganyika,mpanda.dc,0.394444444,0,0.394444444,,
magogo.sibwesa,sibwesa-tanganyika-tanganyika,sibwesa-mpanda.dc-katavi,tanganyika,mpanda.dc,0.394444444,0,0.394444444,,
mgongoni,sibwesa-tanganyika-tanganyika,sibwesa-mpanda.dc-katavi,tanganyika,mpanda.dc,0.394444444,0,0.394444444,,
minyagala,sibwesa-tanganyika-tanganyika,sibwesa-mpanda.dc-katavi,tanganyika,mpanda.dc,0.394444444,0,0.394444444,,
miyagala,sibwesa-tanganyika-tanganyika,sibwesa-mpanda.dc-katavi,tanganyika,mpanda.dc,0.394444444,0,0.394444444,,
mnyagala,sibwesa-tanganyika-tanganyika,sibwesa-mpanda.dc-katavi,tanganyika,mpanda.dc,0.394444444,0,0.394444444,,
mtakuja,sibwesa-tanganyika-tanganyika,sibwesa-mpanda.dc-katavi,tanganyika,mpanda.dc,0.394444444,0,0.394444444,,
mwamwapuli,sibwesa-tanganyika-tanganyika,sibwesa-mpanda.dc-katavi,tanganyika,mpanda.dc,0.394444444,0,0.394444444,,
mwese,mwese-tanganyika-tanganyika,mwese-mpanda.dc-katavi,tanganyika,mpanda.dc,0.394444444,0,0.394444444,,
nkungwi,sibwesa-tanganyika-tanganyika,sibwesa-mpanda.dc-katavi,tanganyika,mpanda.dc,0.394444444,0,0.394444444,,
sebwesa,sibwesa-tanganyika-tanganyika,sibwesa-mpanda.dc-katavi,tanganyika,mpanda.dc,0.394444444,0,0.394444444,,
sentemalaria,sibwesa-tanganyika-tanganyika,sibwesa-mpanda.dc-katavi,tanganyika,mpanda.dc,0.394444444,0,0.394444444,,
sibwesa,sibwesa-tanganyika-tanganyika,sibwesa-mpanda.dc-katavi,tanganyika,mpanda.dc,0.394444444,0,0.394444444,,
kamsanga,igalula-tanganyika-tanganyika,igalula-uyui.dc-tabora,tanganyika,uyui.dc,0.4,0,0.4,,
kamsanga,igalula-tanganyika-tanganyika,igalula-sengerema.dc-mwanza,tanganyika,sengerema.dc,0.4,0,0.4,,
ikuba,ikuba-ikuba-ikuba,ikuba-mpimbwe.dc-katavi,ikuba,mpimbwe.dc,0.422222222,0,0.422222222,,
ikuba,ikuba-wilaya-wilaya,ikuba-mpimbwe.dc-katavi,wilaya,mpimbwe.dc,0.444444444,0,0.444444444,,
kaulolo,inyonga-wilaya-wilaya,inyonga-mlele.dc-katavi,wilaya,mlele.dc,0.444444444,0,0.444444444,,
mitumbati,mkonona-mkonona-mkonona,mkonona-nanyumbu.dc-mtwara,mkonona,nanyumbu.dc,0.46031746,0,0.46031746,,
tumaini,itenka-tumaini-tumaini,itenka-nsimbo.dc-katavi,tumaini,nsimbo.dc,0.468253968,0,0.468253968,,
jida,jida-jida-jida,jida-masasi.tc-mtwara,jida,masasi.tc,0.527777778,0,0.527777778,,
ihenga,mofu-mlimba-mlimba,mofu-kilombero.dc-morogoro,mlimba,kilombero.dc,0.569444444,0,0.569444444,,
kalenga,mofu-mlimba-mlimba,mofu-kilombero.dc-morogoro,mlimba,kilombero.dc,0.569444444,0,0.569444444,,
kalenga.nyumbani,mofu-mlimba-mlimba,mofu-kilombero.dc-morogoro,mlimba,kilombero.dc,0.569444444,0,0.569444444,,
karenga,mofu-mlimba-mlimba,mofu-kilombero.dc-morogoro,mlimba,kilombero.dc,0.569444444,0,0.569444444,,
miomboni,mofu-mlimba-mlimba,mofu-kilombero.dc-morogoro,mlimba,kilombero.dc,0.569444444,0,0.569444444,,
miomboni.nyumbani,mofu-mlimba-mlimba,mofu-kilombero.dc-morogoro,mlimba,kilombero.dc,0.569444444,0,0.569444444,,
miyomboni,mofu-mlimba-mlimba,mofu-kilombero.dc-morogoro,mlimba,kilombero.dc,0.569444444,0,0.569444444,,
mofu,mofu-mlimba-mlimba,mofu-kilombero.dc-morogoro,mlimba,kilombero.dc,0.569444444,0,0.569444444,,
mofu.nyumbani,mofu-mlimba-mlimba,mofu-kilombero.dc-morogoro,mlimba,kilombero.dc,0.569444444,0,0.569444444,,
mpolo,utengule.usangu-utengule.usangu-utengule.usangu,utengule.usangu-mbarali.dc-mbeya,utengule.usangu,mbarali.dc,0.577777778,0,0.577777778,,
masasi.mjini,mwengemtapika-masasi.dc-mtwara,mwenge.mtapika-masasi.tc-mtwara,masasi.dc,masasi.tc,0,0.023809524,0.023809524,,
mwenge,mwengemtapika-masasi.dc-mtwara,mwenge.mtapika-masasi.tc-mtwara,masasi.dc,masasi.tc,0,0.023809524,0.023809524,,
mwengemtapika,mwengemtapika-masasi.dc-mtwara,mwenge.mtapika-masasi.tc-mtwara,masasi.dc,masasi.tc,0,0.023809524,0.023809524,,
nangaya,mwengemtapika-masasi.dc-mtwara,mwenge.mtapika-masasi.tc-mtwara,masasi.dc,masasi.tc,0,0.023809524,0.023809524,,
bomba.mbili,bomba.mbili-songea.dc-ruvuma,bombambili-songea.mc-ruvuma,songea.dc,songea.mc,0,0.03030303,0.03030303,,
bwawani,kiberenge-ifakara.tc-morogoro,kiberege-kilombero.dc-morogoro,ifakara.tc,kilombero.dc,0,0.037037037,0.037037037,,
kiberenge,kiberenge-ifakara.tc-morogoro,kiberege-kilombero.dc-morogoro,ifakara.tc,kilombero.dc,0,0.037037037,0.037037037,,
kiberenge.nyumbani,kiberenge-ifakara.tc-morogoro,kiberege-kilombero.dc-morogoro,ifakara.tc,kilombero.dc,0,0.037037037,0.037037037,,
kilulu,bunamala-bariadi.dc-simiyu,bunamhala-bariadi.tc-simiyu,bariadi.dc,bariadi.tc,0,0.037037037,0.037037037,,
makambako,mji.mwema-njombe.dc-njombe,mjimwema-njombe.mc-njombe,njombe.dc,njombe.mc,0,0.037037037,0.037037037,,
makambako,mji.mwema-njombe.dc-njombe,mjimwema-makambako.tc-njombe,njombe.dc,makambako.tc,0,0.037037037,0.037037037,,
njombe,mji.mwema-njombe.dc-njombe,mjimwema-njombe.mc-njombe,njombe.dc,njombe.mc,0,0.037037037,0.037037037,,
njombe,mji.mwema-njombe.dc-njombe,mjimwema-makambako.tc-njombe,njombe.dc,makambako.tc,0,0.037037037,0.037037037,,
makambako,mji.mwema-njema-njema,mjimwema-njombe.mc-njombe,njema,njombe.mc,0.3,0.037037037,0.337037037,,
makambako,mji.mwema-njema-njema,mjimwema-makambako.tc-njombe,njema,makambako.tc,0.3,0.037037037,0.337037037,,
mango,mango-bariadi.tc-simiyu,mhango-bariadi.dc-simiyu,bariadi.tc,bariadi.dc,0,0.055555556,0.055555556,,
sanga,sanga-busega.dc-simiyu,isanga-bariadi.tc-simiyu,busega.dc,bariadi.tc,0,0.055555556,0.055555556,,
sanga,sanga-busega.dc-simiyu,isanga-maswa.dc-simiyu,busega.dc,maswa.dc,0,0.055555556,0.055555556,,
igoma,igoma-kalemela-kalemela,kigoma-kigoma.municipal.ujiji-kigoma,kalemela,kigoma.municipal.ujiji,0.375,0.055555556,0.430555556,,
kichangani,mgeta-mlimba-mlimba,mugeta-bunda.dc-mara,mlimba,bunda.dc,0.388888889,0.055555556,0.444444444,,
ntungwa,mkomba-mkomba-mkomba,mkoma-rorya.dc-mara,mkomba,rorya.dc,0.388888889,0.055555556,0.444444444,,
nyangokorwa,nyangokorwa-bariadi.dc-simiyu,nyangokolwa-bariadi.tc-simiyu,bariadi.dc,bariadi.tc,0,0.060606061,0.060606061,,
isale,isale-namanyere-namanyere,sale-ngorongoro.dc-arusha,namanyere,ngorongoro.dc,0.481481481,0.066666667,0.548148148,,
kimamba,kimamba-kilosa.dc-morogoro,kimamba.a-kilosa.dc-morogoro,kilosa.dc,kilosa.dc,0,0.074074074,0.074074074,,
kimamba,kimamba-kilosa.dc-morogoro,kimamba.b-kilosa.dc-morogoro,kilosa.dc,kilosa.dc,0,0.074074074,0.074074074,,
kimamba.nyumbani,kimamba-kilosa.dc-morogoro,kimamba.a-kilosa.dc-morogoro,kilosa.dc,kilosa.dc,0,0.074074074,0.074074074,,
kimamba.nyumbani,kimamba-kilosa.dc-morogoro,kimamba.b-kilosa.dc-morogoro,kilosa.dc,kilosa.dc,0,0.074074074,0.074074074,,
maloto,kimamba-kilosa.dc-morogoro,kimamba.a-kilosa.dc-morogoro,kilosa.dc,kilosa.dc,0,0.074074074,0.074074074,,
maloto,kimamba-kilosa.dc-morogoro,kimamba.b-kilosa.dc-morogoro,kilosa.dc,kilosa.dc,0,0.074074074,0.074074074,,
luchingu,luchingu-newala.dc-mtwara,luchindu-newala.tc-mtwara,newala.dc,newala.tc,0,0.083333333,0.083333333,,
uchingu,luchingu-newala.dc-mtwara,luchindu-newala.tc-mtwara,newala.dc,newala.tc,0,0.083333333,0.083333333,,
matemela,matemela-matemela-matemela,matema-kyela.dc-mbeya,matemela,kyela.dc,0.452777778,0.083333333,0.536111111,,
mwakilalo,nyangokolo-bariadi.dc-simiyu,nyangokolwa-bariadi.tc-simiyu,bariadi.dc,bariadi.tc,0,0.093939394,0.093939394,,
i√±yonga,i√±yonga-mlele.dc-katavi,inyonga-mlele.dc-katavi,mlele.dc,mlele.dc,0,0.095238095,0.095238095,,
kamalmpaka,i√±yonga-mlele.dc-katavi,inyonga-mlele.dc-katavi,mlele.dc,mlele.dc,0,0.095238095,0.095238095,,
kinzoka,kinzoka-songwe.dc-songwe,nzoka-momba.dc-songwe,songwe.dc,momba.dc,0,0.095238095,0.095238095,,
masinda,masinda-chemba.dc-dodoma,manda-chamwino.dc-dodoma,chemba.dc,chamwino.dc,0,0.095238095,0.095238095,,
kabungu,kabungu-tanganyika-tanganyika,bungu-korogwe.dc-tanga,tanganyika,korogwe.dc,0.166666667,0.095238095,0.261904762,,
mbalizi,mbalizi-mbeya.dc-mbeya,mbalizi.rd-mbeya.mc-mbeya,mbeya.dc,mbeya.mc,0,0.1,0.1,,
chilungulu,chilungulu-bahi.dc-dodoma,chinugulu-chamwino.dc-dodoma,bahi.dc,chamwino.dc,0,0.107407407,0.107407407,,
lugala,mbalaawala-bahi.dc-dodoma,mbalawala-dodoma.cc-dodoma,bahi.dc,dodoma.cc,0,0.107407407,0.107407407,,
bwage,mzia-mvomero.dc-morogoro,mzinga-morogoro.mc-morogoro,mvomero.dc,morogoro.mc,0,0.111111111,0.111111111,,
kakonji,mzia-mvomero.dc-morogoro,mzinga-morogoro.mc-morogoro,mvomero.dc,morogoro.mc,0,0.111111111,0.111111111,,
kambi.ya.fisi,napupa-masasi.dc-mtwara,naputa-tandahimba.dc-mtwara,masasi.dc,tandahimba.dc,0,0.111111111,0.111111111,,
kibatula,mzia-mvomero.dc-morogoro,mzinga-morogoro.mc-morogoro,mvomero.dc,morogoro.mc,0,0.111111111,0.111111111,,
kiwanda.cha.kongoa.kibaha,kongoa-kibaha.dc-pwani,mkongo-rufiji.dc-pwani,kibaha.dc,rufiji.dc,0,0.111111111,0.111111111,,
masasi.mjini,napupa-masasi.dc-mtwara,naputa-tandahimba.dc-mtwara,masasi.dc,tandahimba.dc,0,0.111111111,0.111111111,,
mzia,mzia-mvomero.dc-morogoro,mzinga-morogoro.mc-morogoro,mvomero.dc,morogoro.mc,0,0.111111111,0.111111111,,
napupa,napupa-masasi.dc-mtwara,naputa-tandahimba.dc-mtwara,masasi.dc,tandahimba.dc,0,0.111111111,0.111111111,,
njaula,mzia-mvomero.dc-morogoro,mzinga-morogoro.mc-morogoro,mvomero.dc,morogoro.mc,0,0.111111111,0.111111111,,
saja,nagelo-handeni.dc-tanga,ngwelo-lushoto.dc-tanga,handeni.dc,lushoto.dc,0,0.111111111,0.111111111,,
udui,udui-bariadi.dc-simiyu,guduwi-bariadi.tc-simiyu,bariadi.dc,bariadi.tc,0,0.111111111,0.111111111,,
uwanja.fisi,napupa-masasi.dc-mtwara,naputa-tandahimba.dc-mtwara,masasi.dc,tandahimba.dc,0,0.111111111,0.111111111,,
uwanja.wa.fisi,napupa-masasi.dc-mtwara,naputa-tandahimba.dc-mtwara,masasi.dc,tandahimba.dc,0,0.111111111,0.111111111,,
wala,suma-kwimba.dc-mwanza,sukuma-magu.dc-mwanza,kwimba.dc,magu.dc,0,0.111111111,0.111111111,,
wapiwapi,napupa-masasi.dc-mtwara,naputa-tandahimba.dc-mtwara,masasi.dc,tandahimba.dc,0,0.111111111,0.111111111,,
irunda,irunda-irunda-irunda,ifunda-iringa.dc-iringa,irunda,iringa.dc,0.222222222,0.111111111,0.333333333,,
irunda,irunda-irunda-irunda,idunda-mufindi.dc-iringa,irunda,mufindi.dc,0.222222222,0.111111111,0.333333333,,
minyula,kate-namanyere-namanyere,katesh-hanang.dc-manyara,namanyere,hanang.dc,0.26984127,0.111111111,0.380952381,,
miyula,kate-namanyere-namanyere,katesh-hanang.dc-manyara,namanyere,hanang.dc,0.26984127,0.111111111,0.380952381,,
lamadi,kata-lamadi-lamadi,kibata-kilwa.dc-lindi,lamadi,kilwa.dc,0.3,0.111111111,0.411111111,,
dodoma,dodoma-chamwino.bahi-chamwino.bahi,dodo-chake.chake-kusini.pemba,chamwino.bahi,chake.chake,0.39957265,0.111111111,0.510683761,,
kakoma,kakoma-namanyere-namanyere,katoma-bukoba.dc-kagera,namanyere,bukoba.dc,0.421296296,0.111111111,0.532407407,,
kakoma,kakoma-namanyere-namanyere,kagoma-muleba.dc-kagera,namanyere,muleba.dc,0.421296296,0.111111111,0.532407407,,
makong.onda,makong.onda-masasi.dc-mtwara,makonga-newala.tc-mtwara,masasi.dc,newala.tc,0,0.121212121,0.121212121,,
makong.onda,makong.onda-masasi.dc-mtwara,mkonona-nanyumbu.dc-mtwara,masasi.dc,nanyumbu.dc,0,0.121212121,0.121212121,,
makong.onda.sindano.mnavira,makong.onda-masasi.dc-mtwara,makonga-newala.tc-mtwara,masasi.dc,newala.tc,0,0.121212121,0.121212121,,
makong.onda.sindano.mnavira,makong.onda-masasi.dc-mtwara,mkonona-nanyumbu.dc-mtwara,masasi.dc,nanyumbu.dc,0,0.121212121,0.121212121,,
mchauru,makong.onda-masasi.dc-mtwara,makonga-newala.tc-mtwara,masasi.dc,newala.tc,0,0.121212121,0.121212121,,
mchauru,makong.onda-masasi.dc-mtwara,mkonona-nanyumbu.dc-mtwara,masasi.dc,nanyumbu.dc,0,0.121212121,0.121212121,,
mkwaya,makong.onda-masasi.dc-mtwara,makonga-newala.tc-mtwara,masasi.dc,newala.tc,0,0.121212121,0.121212121,,
mkwaya,makong.onda-masasi.dc-mtwara,mkonona-nanyumbu.dc-mtwara,masasi.dc,nanyumbu.dc,0,0.121212121,0.121212121,,
nakarara,makong.onda-masasi.dc-mtwara,makonga-newala.tc-mtwara,masasi.dc,newala.tc,0,0.121212121,0.121212121,,
nakarara,makong.onda-masasi.dc-mtwara,mkonona-nanyumbu.dc-mtwara,masasi.dc,nanyumbu.dc,0,0.121212121,0.121212121,,
kalyalya,kalyalya-kigoma.dc-kigoma,kalya-uvinza.dc-kigoma,kigoma.dc,uvinza.dc,0,0.125,0.125,,
maswa,maswa-shinyanga.dc-shinyanga,masengwa-shinyanga.dc-shinyanga,shinyanga.dc,shinyanga.dc,0,0.125,0.125,,
msembeta,msembeta-dodoma.cc-dodoma,membe-chamwino.dc-dodoma,dodoma.cc,chamwino.dc,0,0.125,0.125,,
ngeme,mwamaplalal-bariadi.tc-simiyu,mwamapalala-itilima.dc-simiyu,bariadi.tc,itilima.dc,0,0.127272727,0.127272727,,
sumabwanga,sumabwanga-sumbawanga.dc-rukwa,old.sumbawanga-sumbawanga.mc-rukwa,sumbawanga.dc,sumbawanga.mc,0,0.128571429,0.128571429,,
kalemela,kalemela-magu.dc-mwanza,ilemela-ilemela.mc-mwanza,magu.dc,ilemela.mc,0,0.130952381,0.130952381,,
nyashimo,kalemela-magu.dc-mwanza,ilemela-ilemela.mc-mwanza,magu.dc,ilemela.mc,0,0.130952381,0.130952381,,
lukungu,mwasamba-busega.dc-simiyu,mwamashimba-maswa.dc-simiyu,busega.dc,maswa.dc,0,0.132575758,0.132575758,,
lutubiga,mwasamba-busega.dc-simiyu,mwamashimba-maswa.dc-simiyu,busega.dc,maswa.dc,0,0.132575758,0.132575758,,
mwamagisi,mwasamba-busega.dc-simiyu,mwamashimba-maswa.dc-simiyu,busega.dc,maswa.dc,0,0.132575758,0.132575758,,
mwasamba,mwasamba-busega.dc-simiyu,mwamashimba-maswa.dc-simiyu,busega.dc,maswa.dc,0,0.132575758,0.132575758,,
igawa,igawa-malinyi.dc-morogoro,bigwa-morogoro.mc-morogoro,malinyi.dc,morogoro.mc,0,0.133333333,0.133333333,,
igawa.nyumbani,igawa-malinyi.dc-morogoro,bigwa-morogoro.mc-morogoro,malinyi.dc,morogoro.mc,0,0.133333333,0.133333333,,
isangawana,isangawana-chunya.dc-mbeya,isanga-mbeya.mc-mbeya,chunya.dc,mbeya.mc,0,0.133333333,0.133333333,,
kitiwale,igawa-malinyi.dc-morogoro,bigwa-morogoro.mc-morogoro,malinyi.dc,morogoro.mc,0,0.133333333,0.133333333,,
kitiwele.nyumbani,igawa-malinyi.dc-morogoro,bigwa-morogoro.mc-morogoro,malinyi.dc,morogoro.mc,0,0.133333333,0.133333333,,
likaye,igawa-malinyi.dc-morogoro,bigwa-morogoro.mc-morogoro,malinyi.dc,morogoro.mc,0,0.133333333,0.133333333,,
lupemenda,igawa-malinyi.dc-morogoro,bigwa-morogoro.mc-morogoro,malinyi.dc,morogoro.mc,0,0.133333333,0.133333333,,
mkomange,igawa-malinyi.dc-morogoro,bigwa-morogoro.mc-morogoro,malinyi.dc,morogoro.mc,0,0.133333333,0.133333333,,
mwiji,mwiji-chunya.dc-mbeya,iwiji-mbeya.dc-mbeya,chunya.dc,mbeya.dc,0,0.133333333,0.133333333,,
nkwavii,isangawana-chunya.dc-mbeya,isanga-mbeya.mc-mbeya,chunya.dc,mbeya.mc,0,0.133333333,0.133333333,,
tanga,tanga-malinyi.dc-morogoro,kanga-mvomero.dc-morogoro,malinyi.dc,mvomero.dc,0,0.133333333,0.133333333,,
sumbawanga,maswi-sumbawanga.dc-rukwa,mazwi-sumbawanga.mc-rukwa,sumbawanga.dc,sumbawanga.mc,0,0.133333333,0.133333333,,
mkole,mkole-nkasi.dc-rukwa,mkowe-kalambo.dc-rukwa,nkasi.dc,kalambo.dc,0,0.133333333,0.133333333,,
senga,kamsamba-kamsamba-kamsamba,masaba-butiama.dc-mara,kamsamba,butiama.dc,0.402777778,0.138888889,0.541666667,,
chinongwe,chinongwe-masasi.dc-mtwara,chingungwe-tandahimba.dc-mtwara,masasi.dc,tandahimba.dc,0,0.14537037,0.14537037,,
chikole,kangakero-malinyi.dc-morogoro,kanga-mvomero.dc-morogoro,malinyi.dc,mvomero.dc,0,0.148148148,0.148148148,,
nyamatala,nyamatala-misungwi.dc-mwanza,nyamagana-nyamagana.mc-mwanza,misungwi.dc,nyamagana.mc,0,0.148148148,0.148148148,,
saja,tanga-kilindi.dc-tanga,tangasisi-tanga.cc-tanga,kilindi.dc,tanga.cc,0,0.148148148,0.148148148,,
hatete,hatete-mbozi.dc-songwe,chitete-ileje.dc-songwe,mbozi.dc,ileje.dc,0,0.150793651,0.150793651,,
hatete,hatete-mbozi.dc-songwe,chitete-momba.dc-songwe,mbozi.dc,momba.dc,0,0.150793651,0.150793651,,
hilumba,itongo-kwimba.dc-mwanza,mirongo-nyamagana.mc-mwanza,kwimba.dc,nyamagana.mc,0,0.150793651,0.150793651,,
isangha,isangha-bahi.dc-dodoma,msanga-chamwino.dc-dodoma,bahi.dc,chamwino.dc,0,0.150793651,0.150793651,,
kiji,igangwe-chunya.dc-mbeya,isange-busokelo.dc-mbeya,chunya.dc,busokelo.dc,0,0.150793651,0.150793651,,
mafinga,mafinga-mufindi.dc-iringa,mninga-mufindi.dc-iringa,mufindi.dc,mufindi.dc,0,0.150793651,0.150793651,,
mafinga,mafinga-mufindi.dc-iringa,mpanga-mufindi.dc-iringa,mufindi.dc,mufindi.dc,0,0.150793651,0.150793651,,
mavimba,mavimba-ulanga.dc-morogoro,mlimba-kilombero.dc-morogoro,ulanga.dc,kilombero.dc,0,0.150793651,0.150793651,,
ngalaiwe,igangwe-chunya.dc-mbeya,isange-busokelo.dc-mbeya,chunya.dc,busokelo.dc,0,0.150793651,0.150793651,,
njombe,njombe-njombe.dc-njombe,kijombe-wanging.ombe.dc-njombe,njombe.dc,wanging.ombe.dc,0,0.150793651,0.150793651,,
ushirika,mahango-mbarali.dc-mbeya,maanga-mbeya.mc-mbeya,mbarali.dc,mbeya.mc,0,0.150793651,0.150793651,,
maligisu.kasoli,maligisu.kasoli-kwimba.bariadi-kwimba.bariadi,maligisu-kwimba.dc-mwanza,kwimba.bariadi,kwimba.dc,0.432539683,0.155555556,0.588095238,,
kangabilili,kangabilili-itilima.dc-simiyu,lagangabilili-itilima.dc-simiyu,itilima.dc,itilima.dc,0,0.157226107,0.157226107,,
bwawani,chikopelo-bahi.dc-dodoma,chikola-bahi.dc-dodoma,bahi.dc,bahi.dc,0,0.158730159,0.158730159,,
kisesa,imalamoto-bariadi.dc-simiyu,malambo-bariadi.tc-simiyu,bariadi.dc,bariadi.tc,0,0.158730159,0.158730159,,
makambako,makambako-makambako.tc-njombe,matamba-makete.dc-njombe,makambako.tc,makete.dc,0,0.158730159,0.158730159,,
makambako,makambako-njombe.dc-njombe,matamba-makete.dc-njombe,njombe.dc,makete.dc,0,0.158730159,0.158730159,,
mitumbati,mitumbati-mitumbati-mitumbati,matumbi-madaba.dc-ruvuma,mitumbati,madaba.dc,0.388888889,0.158730159,0.547619048,,
lyoma,ngudu-ngudu-ngudu,nduguti-mkalama.dc-singida,ngudu,mkalama.dc,0.323809524,0.161904762,0.485714286,,
ngudu,ngudu-ngudu-ngudu,nduguti-mkalama.dc-singida,ngudu,mkalama.dc,0.323809524,0.161904762,0.485714286,,
chibuji,nyangh.onge-misungwi.dc-mwanza,nyanguge-magu.dc-mwanza,misungwi.dc,magu.dc,0,0.162878788,0.162878788,,
mwanangwa,mwanangwa-misungwi.dc-mwanza,nyamanga-ukerewe.dc-mwanza,misungwi.dc,ukerewe.dc,0,0.163359788,0.163359788,,
mwanangwa,mwanangwa-misungwi.dc-mwanza,mwamanga-magu.dc-mwanza,misungwi.dc,magu.dc,0,0.163359788,0.163359788,,
chitandi,nangwala-newala.dc-mtwara,nanganga-masasi.dc-mtwara,newala.dc,masasi.dc,0,0.166666667,0.166666667,,
nangwala,nangwala-newala.dc-mtwara,nanganga-masasi.dc-mtwara,newala.dc,masasi.dc,0,0.166666667,0.166666667,,
nyakiswa,nyakiswa-musoma.dc-mara,nyamuswa-bunda.dc-mara,musoma.dc,bunda.dc,0,0.166666667,0.166666667,,
utende,mamba.moja-mlele.dc-katavi,mamba-mpimbwe.dc-katavi,mlele.dc,mpimbwe.dc,0,0.166666667,0.166666667,,
idandu,namawala-mlimba-mlimba,namapwia-nachingwea.dc-lindi,mlimba,nachingwea.dc,0.422222222,0.166666667,0.588888889,,
kikurukutu,namawala-mlimba-mlimba,namapwia-nachingwea.dc-lindi,mlimba,nachingwea.dc,0.422222222,0.166666667,0.588888889,,
mikochini,namawala-mlimba-mlimba,namapwia-nachingwea.dc-lindi,mlimba,nachingwea.dc,0.422222222,0.166666667,0.588888889,,
mkochini,namawala-mlimba-mlimba,namapwia-nachingwea.dc-lindi,mlimba,nachingwea.dc,0.422222222,0.166666667,0.588888889,,
mwamashindike,mwabaratulu-maswa.dc-simiyu,mwabusalu-meatu.dc-simiyu,maswa.dc,meatu.dc,0,0.169612795,0.169612795,,
lalago.mwakidiga.mwangongo,kishapu.na.lalago-kishapu.na.maswa-kishapu.na.maswa,kapalala-nsimbo.dc-katavi,kishapu.na.maswa,nsimbo.dc,0.444444444,0.176470588,0.620915033,,
bwage,mziha-mvomero.dc-morogoro,mzinga-morogoro.mc-morogoro,mvomero.dc,morogoro.mc,0,0.177777778,0.177777778,,
bwage.nyumbani,mziha-mvomero.dc-morogoro,mzinga-morogoro.mc-morogoro,mvomero.dc,morogoro.mc,0,0.177777778,0.177777778,,
dungo,mziha-mvomero.dc-morogoro,mzinga-morogoro.mc-morogoro,mvomero.dc,morogoro.mc,0,0.177777778,0.177777778,,
faranji,igava-momba.dc-songwe,igamba-mbozi.dc-songwe,momba.dc,mbozi.dc,0,0.177777778,0.177777778,,
ikulimambo,uhenga-wanging.ombe.dc-njombe,ubena-makambako.tc-njombe,wanging.ombe.dc,makambako.tc,0,0.177777778,0.177777778,,
isanzu,manda-momba.dc-songwe,ihanda-mbozi.dc-songwe,momba.dc,mbozi.dc,0,0.177777778,0.177777778,,
isanzu,manda-momba.dc-songwe,ruanda-mbozi.dc-songwe,momba.dc,mbozi.dc,0,0.177777778,0.177777778,,
itimaa,ngwala-chunya.dc-mbeya,ngana-kyela.dc-mbeya,chunya.dc,kyela.dc,0,0.177777778,0.177777778,,
kibatula,mziha-mvomero.dc-morogoro,mzinga-morogoro.mc-morogoro,mvomero.dc,morogoro.mc,0,0.177777778,0.177777778,,
kibatula.nyumbani,mziha-mvomero.dc-morogoro,mzinga-morogoro.mc-morogoro,mvomero.dc,morogoro.mc,0,0.177777778,0.177777778,,
kidoka,kidoka-chemba.dc-dodoma,mkoka-kongwa.dc-dodoma,chemba.dc,kongwa.dc,0,0.177777778,0.177777778,,
kijiji.mziha,mziha-mvomero.dc-morogoro,mzinga-morogoro.mc-morogoro,mvomero.dc,morogoro.mc,0,0.177777778,0.177777778,,
kwabeko,mziha-mvomero.dc-morogoro,mzinga-morogoro.mc-morogoro,mvomero.dc,morogoro.mc,0,0.177777778,0.177777778,,
kwakonje,mziha-mvomero.dc-morogoro,mzinga-morogoro.mc-morogoro,mvomero.dc,morogoro.mc,0,0.177777778,0.177777778,,
lugoda,lugoda-mufindi.dc-iringa,lugalo-kilolo.dc-iringa,mufindi.dc,kilolo.dc,0,0.177777778,0.177777778,,
lukali,lukali-bahi.dc-dodoma,mlali-kongwa.dc-dodoma,bahi.dc,kongwa.dc,0,0.177777778,0.177777778,,
madizini,mziha-mvomero.dc-morogoro,mzinga-morogoro.mc-morogoro,mvomero.dc,morogoro.mc,0,0.177777778,0.177777778,,
maswa,maswa-maswa.dc-simiyu,masela-maswa.dc-simiyu,maswa.dc,maswa.dc,0,0.177777778,0.177777778,,
maziwa,maziwa-bahi.dc-dodoma,mazae-mpwapwa.dc-dodoma,bahi.dc,mpwapwa.dc,0,0.177777778,0.177777778,,
maziwa,maziwa-chemba.dc-dodoma,mazae-mpwapwa.dc-dodoma,chemba.dc,mpwapwa.dc,0,0.177777778,0.177777778,,
mitesa,mitesa-masasi.dc-mtwara,miuta-tandahimba.dc-mtwara,masasi.dc,tandahimba.dc,0,0.177777778,0.177777778,,
mnkola,mnkola-bahi.dc-dodoma,mkoka-kongwa.dc-dodoma,bahi.dc,kongwa.dc,0,0.177777778,0.177777778,,
mziha,mziha-mvomero.dc-morogoro,mzinga-morogoro.mc-morogoro,mvomero.dc,morogoro.mc,0,0.177777778,0.177777778,,
mziha.kwakonji,mziha-mvomero.dc-morogoro,mzinga-morogoro.mc-morogoro,mvomero.dc,morogoro.mc,0,0.177777778,0.177777778,,
mziha.nyumbani,mziha-mvomero.dc-morogoro,mzinga-morogoro.mc-morogoro,mvomero.dc,morogoro.mc,0,0.177777778,0.177777778,,
njeula.nyumbani,mziha-mvomero.dc-morogoro,mzinga-morogoro.mc-morogoro,mvomero.dc,morogoro.mc,0,0.177777778,0.177777778,,
njeura,mziha-mvomero.dc-morogoro,mzinga-morogoro.mc-morogoro,mvomero.dc,morogoro.mc,0,0.177777778,0.177777778,,
ugoda,lugoda-mufindi.dc-iringa,lugalo-kilolo.dc-iringa,mufindi.dc,kilolo.dc,0,0.177777778,0.177777778,,
uhenga,uhenga-wanging.ombe.dc-njombe,ubena-makambako.tc-njombe,wanging.ombe.dc,makambako.tc,0,0.177777778,0.177777778,,
miula,miula-nkasi.dc-rukwa,milepa-sumbawanga.dc-rukwa,nkasi.dc,sumbawanga.dc,0,0.177777778,0.177777778,,
ibilisi,katuma-tanganyika-tanganyika,mkata-handeni.dc-tanga,tanganyika,handeni.dc,0.166666667,0.177777778,0.344444444,,
kabatini,katuma-tanganyika-tanganyika,mkata-handeni.dc-tanga,tanganyika,handeni.dc,0.166666667,0.177777778,0.344444444,,
kagunga,katuma-tanganyika-tanganyika,mkata-handeni.dc-tanga,tanganyika,handeni.dc,0.166666667,0.177777778,0.344444444,,
kahele,katuma-tanganyika-tanganyika,mkata-handeni.dc-tanga,tanganyika,handeni.dc,0.166666667,0.177777778,0.344444444,,
kapanga,katuma-tanganyika-tanganyika,mkata-handeni.dc-tanga,tanganyika,handeni.dc,0.166666667,0.177777778,0.344444444,,
katuma,katuma-tanganyika-tanganyika,mkata-handeni.dc-tanga,tanganyika,handeni.dc,0.166666667,0.177777778,0.344444444,,
kayenze,katuma-tanganyika-tanganyika,mkata-handeni.dc-tanga,tanganyika,handeni.dc,0.166666667,0.177777778,0.344444444,,
mikang.ombe,katuma-tanganyika-tanganyika,mkata-handeni.dc-tanga,tanganyika,handeni.dc,0.166666667,0.177777778,0.344444444,,
milala,milala-tanganyika-tanganyika,mlalo-lushoto.dc-tanga,tanganyika,lushoto.dc,0.166666667,0.177777778,0.344444444,,
mpembe,katuma-tanganyika-tanganyika,mkata-handeni.dc-tanga,tanganyika,handeni.dc,0.166666667,0.177777778,0.344444444,,
kanoge,uzega-inyonga-inyonga,ukwega-kilolo.dc-iringa,inyonga,kilolo.dc,0.253968254,0.177777778,0.431746032,,
isale,isunta-namanyere-namanyere,sunya-kiteto.dc-manyara,namanyere,kiteto.dc,0.26984127,0.177777778,0.447619048,,
isunta,isunta-namanyere-namanyere,sunya-kiteto.dc-manyara,namanyere,kiteto.dc,0.26984127,0.177777778,0.447619048,,
kuuza.kenya,silali-silali-silali,malili-busega.dc-simiyu,silali,busega.dc,0.333333333,0.177777778,0.511111111,,
silali,silali-silali-silali,malili-busega.dc-simiyu,silali,busega.dc,0.333333333,0.177777778,0.511111111,,
chita,melela-mlimba-mlimba,mkele-mjini-mjini.magharibi,mlimba,mjini,0.355555556,0.177777778,0.533333333,,
megelo,migelo-megelo-megelo,mkigo-kigoma.dc-kigoma,megelo,kigoma.dc,0.444444444,0.177777778,0.622222222,,
alabama,minazini-malinyi.dc-morogoro,mngazi-morogoro.dc-morogoro,malinyi.dc,morogoro.dc,0,0.180555556,0.180555556,,
madabadaba,minazini-malinyi.dc-morogoro,mngazi-morogoro.dc-morogoro,malinyi.dc,morogoro.dc,0,0.180555556,0.180555556,,
minazini,minazini-malinyi.dc-morogoro,mngazi-morogoro.dc-morogoro,malinyi.dc,morogoro.dc,0,0.180555556,0.180555556,,
mumbulu,nangoo-masasi.dc-mtwara,nangomba-nanyumbu.dc-mtwara,masasi.dc,nanyumbu.dc,0,0.180555556,0.180555556,,
nangoo,nangoo-masasi.dc-mtwara,nangomba-nanyumbu.dc-mtwara,masasi.dc,nanyumbu.dc,0,0.180555556,0.180555556,,
nchinila,nchinila-bahi.dc-dodoma,nhinhi-chamwino.dc-dodoma,bahi.dc,chamwino.dc,0,0.180555556,0.180555556,,
nkuswe,nkuswe-nkuswe-nkuswe,namkukwe-songwe.dc-songwe,nkuswe,songwe.dc,0.333333333,0.180555556,0.513888889,,
ifakara,mlabani-ifakara.tc-morogoro,mkambarani-morogoro.dc-morogoro,ifakara.tc,morogoro.dc,0,0.180952381,0.180952381,,
kambanga,kibo-tanganyika-tanganyika,kwediboma-kilindi.dc-tanga,tanganyika,kilindi.dc,0.166666667,0.185185185,0.351851852,,
ntalamila,intamila-sumbawanga.dc-rukwa,sintali-nkasi.dc-rukwa,sumbawanga.dc,nkasi.dc,0,0.186507937,0.186507937,,
santamaria,kabwaga-tanganyika-tanganyika,kwachaga-handeni.dc-tanga,tanganyika,handeni.dc,0.166666667,0.186507937,0.353174603,,
namatumbusi.nachingwea.nahoro.liwale.namajani.masasi,nang.ondo-nachingwea.dc-lindi,nangando-liwale.dc-lindi,nachingwea.dc,liwale.dc,0,0.187169312,0.187169312,,
kisasa,makuru-bahi.dc-dodoma,makutupora-dodoma.cc-dodoma,bahi.dc,dodoma.cc,0,0.188888889,0.188888889,,
nambunda,mijejele-masasi.dc-mtwara,michenjele-tandahimba.dc-mtwara,masasi.dc,tandahimba.dc,0,0.189285714,0.189285714,,
bugunguli,buhunda-misungwi.dc-mwanza,bukanda-ukerewe.dc-mwanza,misungwi.dc,ukerewe.dc,0,0.19047619,0.19047619,,
chipole,chipole-masasi.dc-mtwara,chiwale-masasi.dc-mtwara,masasi.dc,masasi.dc,0,0.19047619,0.19047619,,
handeni,handeni-handeni.dc-tanga,sindeni-handeni.dc-tanga,handeni.dc,handeni.dc,0,0.19047619,0.19047619,,
handeni,handeni-tanga.cc-tanga,sindeni-handeni.dc-tanga,tanga.cc,handeni.dc,0,0.19047619,0.19047619,,
kongogo,kongogo-bahi.dc-dodoma,songoro-chemba.dc-dodoma,bahi.dc,chemba.dc,0,0.19047619,0.19047619,,
masasi.mjini,chipole-masasi.dc-mtwara,chiwale-masasi.dc-mtwara,masasi.dc,masasi.dc,0,0.19047619,0.19047619,,
mkundi,majembe-masasi.dc-mtwara,mnyambe-newala.dc-mtwara,masasi.dc,newala.dc,0,0.19047619,0.19047619,,
ndapo,kinyika-makete.dc-njombe,kifanya-njombe.mc-njombe,makete.dc,njombe.mc,0,0.19047619,0.19047619,,
kakoma,kipundu-nkasi.dc-rukwa,kipande-nkasi.dc-rukwa,nkasi.dc,nkasi.dc,0,0.19047619,0.19047619,,
gombe.nyumbani,lukande-lukande-lukande,kipande-nkasi.dc-rukwa,lukande,nkasi.dc,0.323809524,0.19047619,0.514285714,,
lukande,lukande-lukande-lukande,kipande-nkasi.dc-rukwa,lukande,nkasi.dc,0.323809524,0.19047619,0.514285714,,
nyumbani.lukande,lukande-lukande-lukande,kipande-nkasi.dc-rukwa,lukande,nkasi.dc,0.323809524,0.19047619,0.514285714,,
dodoma,dodoma.mjini-dodoma.cc-dodoma,kondoa.mjini-kondoa.tc-dodoma,dodoma.cc,kondoa.tc,0,0.194444444,0.194444444,,
kipingo,sugnal-ifakara.tc-morogoro,usangule-malinyi.dc-morogoro,ifakara.tc,malinyi.dc,0,0.194444444,0.194444444,,
mkokwa,mwamkulu-mpanda.dc-katavi,mwamapuli-mpimbwe.dc-katavi,mpanda.dc,mpimbwe.dc,0,0.194444444,0.194444444,,
mwamkulu,mwamkulu-mpanda.dc-katavi,mwamapuli-mpimbwe.dc-katavi,mpanda.dc,mpimbwe.dc,0,0.194444444,0.194444444,,
mwamkulu,mwamkulu-nsimbo.dc-katavi,mwamapuli-mpimbwe.dc-katavi,nsimbo.dc,mpimbwe.dc,0,0.194444444,0.194444444,,
mmbwendi,mkangale-nkasi.dc-rukwa,miangalua-sumbawanga.dc-rukwa,nkasi.dc,sumbawanga.dc,0,0.194444444,0.194444444,,
idandu,namwawala-mlimba-mlimba,nyamwaga-tarime.dc-mara,mlimba,tarime.dc,0.388888889,0.194444444,0.583333333,,
idandu.nyumbani,namwawala-mlimba-mlimba,nyamwaga-tarime.dc-mara,mlimba,tarime.dc,0.388888889,0.194444444,0.583333333,,
kikurukutu,namwawala-mlimba-mlimba,nyamwaga-tarime.dc-mara,mlimba,tarime.dc,0.388888889,0.194444444,0.583333333,,
mikochi,namwawala-mlimba-mlimba,nyamwaga-tarime.dc-mara,mlimba,tarime.dc,0.388888889,0.194444444,0.583333333,,
mikochi.nyumbani,namwawala-mlimba-mlimba,nyamwaga-tarime.dc-mara,mlimba,tarime.dc,0.388888889,0.194444444,0.583333333,,
miwangani.idete,namwawala-mlimba-mlimba,nyamwaga-tarime.dc-mara,mlimba,tarime.dc,0.388888889,0.194444444,0.583333333,,
namwawala,namwawala-mlimba-mlimba,nyamwaga-tarime.dc-mara,mlimba,tarime.dc,0.388888889,0.194444444,0.583333333,,
mwanangwa,mwanangwa-masasi.dc-mtwara,namalenga-masasi.dc-mtwara,masasi.dc,masasi.dc,0,0.195767196,0.195767196,,
kivingu,kivungu-kilosa.dc-morogoro,kibungo.juu-morogoro.dc-morogoro,kilosa.dc,morogoro.dc,0,0.199134199,0.199134199,,
kivungu,kivungu-kilosa.dc-morogoro,kibungo.juu-morogoro.dc-morogoro,kilosa.dc,morogoro.dc,0,0.199134199,0.199134199,,
lipangalala,lipangalala-ifakara.tc-morogoro,langali-mvomero.dc-morogoro,ifakara.tc,mvomero.dc,0,0.199134199,0.199134199,,
madukani,lipangalala-ifakara.tc-morogoro,langali-mvomero.dc-morogoro,ifakara.tc,mvomero.dc,0,0.199134199,0.199134199,,
mapili,mapili-mlele.dc-katavi,mwamapuli-mpimbwe.dc-katavi,mlele.dc,mpimbwe.dc,0,0.203703704,0.203703704,,
kipingo,signali-ifakara.tc-morogoro,singisa-morogoro.dc-morogoro,ifakara.tc,morogoro.dc,0,0.206349206,0.206349206,,
sagamaganga,signali-ifakara.tc-morogoro,singisa-morogoro.dc-morogoro,ifakara.tc,morogoro.dc,0,0.206349206,0.206349206,,
salulu,signali-ifakara.tc-morogoro,singisa-morogoro.dc-morogoro,ifakara.tc,morogoro.dc,0,0.206349206,0.206349206,,
sumbawanga,kantalamba-sumbawanga.dc-rukwa,katandala-sumbawanga.mc-rukwa,sumbawanga.dc,sumbawanga.mc,0,0.20787037,0.20787037,,
iheha,mad-mbarali.dc-mbeya,madibira-mbarali.dc-mbeya,mbarali.dc,mbarali.dc,0,0.208333333,0.208333333,,
kisima.cha.ndege,kisima.cha.ndege-bahi.dc-dodoma,kimaha-chemba.dc-dodoma,bahi.dc,chemba.dc,0,0.208333333,0.208333333,,
kisima.ndege,kisima.cha.ndege-bahi.dc-dodoma,kimaha-chemba.dc-dodoma,bahi.dc,chemba.dc,0,0.208333333,0.208333333,,
mkunyikwa,mad-mb-mb,madibira-mbarali.dc-mbeya,mb,mbarali.dc,0.2,0.208333333,0.408333333,,
kidulya,kidulya-bariadi.dc-simiyu,gilya-bariadi.dc-simiyu,bariadi.dc,bariadi.dc,0,0.20952381,0.20952381,,
kidulya,kidulya-bariadi.dc-simiyu,mkula-busega.dc-simiyu,bariadi.dc,busega.dc,0,0.20952381,0.20952381,,
kidulya,kidulya-bariadi.tc-simiyu,gilya-bariadi.dc-simiyu,bariadi.tc,bariadi.dc,0,0.20952381,0.20952381,,
kidulya,kidulya-bariadi.tc-simiyu,mkula-busega.dc-simiyu,bariadi.tc,busega.dc,0,0.20952381,0.20952381,,
masimba,masimba-chemba.dc-dodoma,massa-mpwapwa.dc-dodoma,chemba.dc,mpwapwa.dc,0,0.20952381,0.20952381,,
mikumbi,mikumbi-newala.dc-mtwara,mkuti-masasi.tc-mtwara,newala.dc,masasi.tc,0,0.20952381,0.20952381,,
milunda,milunda-masasi.dc-mtwara,miuta-tandahimba.dc-mtwara,masasi.dc,tandahimba.dc,0,0.20952381,0.20952381,,
tanga.kilwa,zinga-kilwa.dc-lindi,mchinga-lindi.dc-lindi,kilwa.dc,lindi.dc,0,0.20952381,0.20952381,,
zinga.kibaoni,zinga-kilwa.dc-lindi,mchinga-lindi.dc-lindi,kilwa.dc,lindi.dc,0,0.20952381,0.20952381,,
kalundi,kalundi-nkasi.dc-rukwa,mkali-kalambo.dc-rukwa,nkasi.dc,kalambo.dc,0,0.20952381,0.20952381,,
mpinga,kigwe-kigwe-kigwe,kigembe-kasulu.dc-kigoma,kigwe,kasulu.dc,0.3,0.20952381,0.50952381,,
mpinga,kigwe-kigwe-kigwe,buhigwe-buhigwe.dc-kigoma,kigwe,buhigwe.dc,0.3,0.20952381,0.50952381,,
chanikanguo,chanikanguo-masasi.dc-mtwara,shangani-mtwara.mc-mtwara,masasi.dc,mtwara.mc,0,0.210497835,0.210497835,,
chanikanguocha,chanikanguo-masasi.dc-mtwara,shangani-mtwara.mc-mtwara,masasi.dc,mtwara.mc,0,0.210497835,0.210497835,,
mailisita,chanikanguo-masasi.dc-mtwara,shangani-mtwara.mc-mtwara,masasi.dc,mtwara.mc,0,0.210497835,0.210497835,,
masasi,chanikanguo-masasi.dc-mtwara,shangani-mtwara.mc-mtwara,masasi.dc,mtwara.mc,0,0.210497835,0.210497835,,
kalimbaleza,kalumbaleza-sumbawanga.dc-rukwa,kala-nkasi.dc-rukwa,sumbawanga.dc,nkasi.dc,0,0.212121212,0.212121212,,
kalumbaleza,kalimbaleza-sumbawanga.dc-rukwa,kala-nkasi.dc-rukwa,sumbawanga.dc,nkasi.dc,0,0.212121212,0.212121212,,
mnazi,kalumbaleza-sumbawanga.dc-rukwa,kala-nkasi.dc-rukwa,sumbawanga.dc,nkasi.dc,0,0.212121212,0.212121212,,
mria,kalumbaleza-sumbawanga.dc-rukwa,kala-nkasi.dc-rukwa,sumbawanga.dc,nkasi.dc,0,0.212121212,0.212121212,,
kapalamsenga,kapalamsenga-tanganyika-tanganyika,mabalanga-kilindi.dc-tanga,tanganyika,kilindi.dc,0.166666667,0.212962963,0.37962963,,
mirinda,kapalamsenga-tanganyika-tanganyika,mabalanga-kilindi.dc-tanga,tanganyika,kilindi.dc,0.166666667,0.212962963,0.37962963,,
farm.17,nachingwea-masasi.dc-mtwara,chiwonga-newala.dc-mtwara,masasi.dc,newala.dc,0,0.213095238,0.213095238,,
songwe,ukululu-mbozi.dc-songwe,ngulugulu-ileje.dc-songwe,mbozi.dc,ileje.dc,0,0.214285714,0.214285714,,
minyagala,mnyagala-tanganyika-tanganyika,madanga-pangani.dc-tanga,tanganyika,pangani.dc,0.166666667,0.214285714,0.380952381,,
mnyagala,mnyagala-tanganyika-tanganyika,madanga-pangani.dc-tanga,tanganyika,pangani.dc,0.166666667,0.214285714,0.380952381,,
mnygala,mnyagala-tanganyika-tanganyika,madanga-pangani.dc-tanga,tanganyika,pangani.dc,0.166666667,0.214285714,0.380952381,,
mondo,mnyagala-tanganyika-tanganyika,madanga-pangani.dc-tanga,tanganyika,pangani.dc,0.166666667,0.214285714,0.380952381,,
mwakulu,mwakulu-tanganyika-tanganyika,kwamatuku-handeni.dc-tanga,tanganyika,handeni.dc,0.166666667,0.214285714,0.380952381,,
nkuli,ikungu-bariadi.dc-simiyu,ikungulyabashashi-bariadi.dc-simiyu,bariadi.dc,bariadi.dc,0,0.215686275,0.215686275,,
biti,biti-bariadi.dc-simiyu,mbita-itilima.dc-simiyu,bariadi.dc,itilima.dc,0,0.216666667,0.216666667,,
chandulu,haya-magu.dc-mwanza,malya-kwimba.dc-mwanza,magu.dc,kwimba.dc,0,0.216666667,0.216666667,,
chikukwe,chikukwe-masasi.dc-mtwara,chingungwe-tandahimba.dc-mtwara,masasi.dc,tandahimba.dc,0,0.216666667,0.216666667,,
kashishi,kashishi-mpimbwe.dc-katavi,kashaulili-mpanda.mc-katavi,mpimbwe.dc,mpanda.mc,0,0.216666667,0.216666667,,
liloya,chikukwe-masasi.dc-mtwara,chingungwe-tandahimba.dc-mtwara,masasi.dc,tandahimba.dc,0,0.216666667,0.216666667,,
meta,meta-newala.dc-mtwara,mwena-masasi.dc-mtwara,newala.dc,masasi.dc,0,0.216666667,0.216666667,,
meta,meta-newala.dc-mtwara,miuta-tandahimba.dc-mtwara,newala.dc,tandahimba.dc,0,0.216666667,0.216666667,,
moba,kashishi-mpimbwe.dc-katavi,kashaulili-mpanda.mc-katavi,mpimbwe.dc,mpanda.mc,0,0.216666667,0.216666667,,
ntula,kashishi-mpimbwe.dc-katavi,kashaulili-mpanda.mc-katavi,mpimbwe.dc,mpanda.mc,0,0.216666667,0.216666667,,
pugu,pugu-kibaha.dc-pwani,bungu-kibiti.dc-pwani,kibaha.dc,kibiti.dc,0,0.216666667,0.216666667,,
salama,haya-kwimba.dc-mwanza,malya-kwimba.dc-mwanza,kwimba.dc,kwimba.dc,0,0.216666667,0.216666667,,
ikola,ikola-tanganyika-tanganyika,kilwa-kilindi.dc-tanga,tanganyika,kilindi.dc,0.166666667,0.216666667,0.383333333,,
dar.es.salaam,pugu-pugu-pugu,luegu-namtumbo.dc-ruvuma,pugu,namtumbo.dc,0.388888889,0.216666667,0.605555556,,
daresalamu,pugu-pugu-pugu,luegu-namtumbo.dc-ruvuma,pugu,namtumbo.dc,0.388888889,0.216666667,0.605555556,,
pugu,pugu-pugu-pugu,luegu-namtumbo.dc-ruvuma,pugu,namtumbo.dc,0.388888889,0.216666667,0.605555556,,
fitumbi,magunga-chunya.dc-mbeya,maanga-mbeya.mc-mbeya,chunya.dc,mbeya.mc,0,0.217460317,0.217460317,,
gasima,gasuma-bariadi.dc-simiyu,ngasamo-busega.dc-simiyu,bariadi.dc,busega.dc,0,0.217460317,0.217460317,,
gasuma,gasuma-bariadi.dc-simiyu,ngasamo-busega.dc-simiyu,bariadi.dc,busega.dc,0,0.217460317,0.217460317,,
kipingo,signal-kilombero.dc-morogoro,singisa-morogoro.dc-morogoro,kilombero.dc,morogoro.dc,0,0.217460317,0.217460317,,
kipingu,signal-ifakara.tc-morogoro,singisa-morogoro.dc-morogoro,ifakara.tc,morogoro.dc,0,0.217460317,0.217460317,,
sagamaganga,signal-ifakara.tc-morogoro,singisa-morogoro.dc-morogoro,ifakara.tc,morogoro.dc,0,0.217460317,0.217460317,,
sagamaganga.nyumbani,signal-ifakara.tc-morogoro,singisa-morogoro.dc-morogoro,ifakara.tc,morogoro.dc,0,0.217460317,0.217460317,,
signal.kipingo,signal-ifakara.tc-morogoro,singisa-morogoro.dc-morogoro,ifakara.tc,morogoro.dc,0,0.217460317,0.217460317,,
sululu,signal-ifakara.tc-morogoro,singisa-morogoro.dc-morogoro,ifakara.tc,morogoro.dc,0,0.217460317,0.217460317,,
namanyere,isunta-nkasi.dc-rukwa,sintali-nkasi.dc-rukwa,nkasi.dc,nkasi.dc,0,0.217460317,0.217460317,,
songambele,inyonga-inyonga-inyonga,mninga-mufindi.dc-iringa,inyonga,mufindi.dc,0.253968254,0.217460317,0.471428571,,
chipole,mumbaka-masasi.dc-mtwara,namtumbuka-nanyamba.tc-mtwara,masasi.dc,nanyamba.tc,0,0.219047619,0.219047619,,
lundelunde,mumbaka-masasi.dc-mtwara,namtumbuka-nanyamba.tc-mtwara,masasi.dc,nanyamba.tc,0,0.219047619,0.219047619,,
milundelunde,mumbaka-masasi.dc-mtwara,namtumbuka-nanyamba.tc-mtwara,masasi.dc,nanyamba.tc,0,0.219047619,0.219047619,,
mumbaka,mumbaka-masasi.dc-mtwara,namtumbuka-nanyamba.tc-mtwara,masasi.dc,nanyamba.tc,0,0.219047619,0.219047619,,
kona.ya.miyagala,minyagala-tanganyika-tanganyika,mazingara-handeni.dc-tanga,tanganyika,handeni.dc,0.166666667,0.21957672,0.386243386,,
mtakuja,minyagala-tanganyika-tanganyika,mazingara-handeni.dc-tanga,tanganyika,handeni.dc,0.166666667,0.21957672,0.386243386,,
mdenga.nandagala.mmbulu,nangoo.nandagala-nangoo.lindi-nangoo.lindi,nandagala-ruangwa.dc-lindi,nangoo.lindi,ruangwa.dc,0.477777778,0.219907407,0.697685185,,
kamsabwa,kamsabwa-sumbawanga.dc-rukwa,kasanga-kalambo.dc-rukwa,sumbawanga.dc,kalambo.dc,0,0.220238095,0.220238095,,
kamsamba,kamsamba-sumbawanga.dc-rukwa,kasanga-kalambo.dc-rukwa,sumbawanga.dc,kalambo.dc,0,0.220238095,0.220238095,,
ilambilole,kising.a-iringa.dc-iringa,kasanga-mufindi.dc-iringa,iringa.dc,mufindi.dc,0,0.220238095,0.220238095,,
machombe,machombe-masasi.dc-mtwara,mnyambe-newala.dc-mtwara,masasi.dc,newala.dc,0,0.220238095,0.220238095,,
mafuluto,mafuluto-iringa.dc-iringa,mdabulo-mufindi.dc-iringa,iringa.dc,mufindi.dc,0,0.220238095,0.220238095,,
mnarani,mnarani-ifakara.tc-morogoro,mkwatani-kilosa.dc-morogoro,ifakara.tc,kilosa.dc,0,0.220238095,0.220238095,,
nairombo,nairombo-masasi.dc-mtwara,kiromba-nanyamba.tc-mtwara,masasi.dc,nanyamba.tc,0,0.220238095,0.220238095,,
nasa,nyashimo-busega.dc-simiyu,ngasamo-busega.dc-simiyu,busega.dc,busega.dc,0,0.220238095,0.220238095,,
nyashimo,nyashimo-busega.dc-simiyu,ngasamo-busega.dc-simiyu,busega.dc,busega.dc,0,0.220238095,0.220238095,,
nyumbani.mnadani,mnadani-maswa.dc-simiyu,madobana-bariadi.dc-simiyu,maswa.dc,bariadi.dc,0,0.220238095,0.220238095,,
nyumbani.mnadani,mnadani-maswa.dc-simiyu,mwamtani-itilima.dc-simiyu,maswa.dc,itilima.dc,0,0.220238095,0.220238095,,
magigiwe,magigiwe-magigiwe-magigiwe,magange-serengeti.dc-mara,magigiwe,serengeti.dc,0.416666667,0.220238095,0.636904762,,
mwakibiga,mwakidiga-maswa.dc-simiyu,mwakisandu-meatu.dc-simiyu,maswa.dc,meatu.dc,0,0.221693122,0.221693122,,
bumhala,buhala-bariadi.dc-simiyu,bunamhala-bariadi.tc-simiyu,bariadi.dc,bariadi.tc,0,0.222222222,0.222222222,,
dodoma,kisasa-dodoma.cc-dodoma,kisese-kondoa.dc-dodoma,dodoma.cc,kondoa.dc,0,0.222222222,0.222222222,,
dodoma,kisasa-dodoma.cc-dodoma,kimaha-chemba.dc-dodoma,dodoma.cc,chemba.dc,0,0.222222222,0.222222222,,
dudulu,dudulu-itilima.dc-simiyu,lugulu-itilima.dc-simiyu,itilima.dc,itilima.dc,0,0.222222222,0.222222222,,
giliku,giliku-bariadi.tc-simiyu,igalukilo-busega.dc-simiyu,bariadi.tc,busega.dc,0,0.222222222,0.222222222,,
igangwe,nkung.ungu-chunya.dc-mbeya,nkunga-rungwe.dc-mbeya,chunya.dc,rungwe.dc,0,0.222222222,0.222222222,,
igumbilo,milola-ulanga.dc-morogoro,dumila-kilosa.dc-morogoro,ulanga.dc,kilosa.dc,0,0.222222222,0.222222222,,
igumbilo,milola-ulanga.dc-morogoro,malolo-kilosa.dc-morogoro,ulanga.dc,kilosa.dc,0,0.222222222,0.222222222,,
igumbilo,milola-ulanga.dc-morogoro,ilonga-ulanga.dc-morogoro,ulanga.dc,ulanga.dc,0,0.222222222,0.222222222,,
igumbilo,milola-ulanga.dc-morogoro,melela-mvomero.dc-morogoro,ulanga.dc,mvomero.dc,0,0.222222222,0.222222222,,
igumbilo.milola.na.mavimba,milola-ulanga.dc-morogoro,dumila-kilosa.dc-morogoro,ulanga.dc,kilosa.dc,0,0.222222222,0.222222222,,
igumbilo.milola.na.mavimba,milola-ulanga.dc-morogoro,malolo-kilosa.dc-morogoro,ulanga.dc,kilosa.dc,0,0.222222222,0.222222222,,
igumbilo.milola.na.mavimba,milola-ulanga.dc-morogoro,ilonga-ulanga.dc-morogoro,ulanga.dc,ulanga.dc,0,0.222222222,0.222222222,,
igumbilo.milola.na.mavimba,milola-ulanga.dc-morogoro,melela-mvomero.dc-morogoro,ulanga.dc,mvomero.dc,0,0.222222222,0.222222222,,
igumbiro,milola-ulanga.dc-morogoro,dumila-kilosa.dc-morogoro,ulanga.dc,kilosa.dc,0,0.222222222,0.222222222,,
igumbiro,milola-ulanga.dc-morogoro,malolo-kilosa.dc-morogoro,ulanga.dc,kilosa.dc,0,0.222222222,0.222222222,,
igumbiro,milola-ulanga.dc-morogoro,ilonga-ulanga.dc-morogoro,ulanga.dc,ulanga.dc,0,0.222222222,0.222222222,,
igumbiro,milola-ulanga.dc-morogoro,melela-mvomero.dc-morogoro,ulanga.dc,mvomero.dc,0,0.222222222,0.222222222,,
igumbiro.nyumbani,milola-ulanga.dc-morogoro,dumila-kilosa.dc-morogoro,ulanga.dc,kilosa.dc,0,0.222222222,0.222222222,,
igumbiro.nyumbani,milola-ulanga.dc-morogoro,malolo-kilosa.dc-morogoro,ulanga.dc,kilosa.dc,0,0.222222222,0.222222222,,
igumbiro.nyumbani,milola-ulanga.dc-morogoro,ilonga-ulanga.dc-morogoro,ulanga.dc,ulanga.dc,0,0.222222222,0.222222222,,
igumbiro.nyumbani,milola-ulanga.dc-morogoro,melela-mvomero.dc-morogoro,ulanga.dc,mvomero.dc,0,0.222222222,0.222222222,,
ikunguligu,ikunguligu-itilima.dc-simiyu,lugulu-itilima.dc-simiyu,itilima.dc,itilima.dc,0,0.222222222,0.222222222,,
kabisile,nkung.ungu-chunya.dc-mbeya,nkunga-rungwe.dc-mbeya,chunya.dc,rungwe.dc,0,0.222222222,0.222222222,,
kinyampuma,nkung.ungu-chunya.dc-mbeya,nkunga-rungwe.dc-mbeya,chunya.dc,rungwe.dc,0,0.222222222,0.222222222,,
kisasa,kisasa-dodoma.cc-dodoma,kisese-kondoa.dc-dodoma,dodoma.cc,kondoa.dc,0,0.222222222,0.222222222,,
kisasa,kisasa-dodoma.cc-dodoma,kimaha-chemba.dc-dodoma,dodoma.cc,chemba.dc,0,0.222222222,0.222222222,,
kisasa,kisasa-iringa.dc-iringa,kihesa-iringa.mc-iringa,iringa.dc,iringa.mc,0,0.222222222,0.222222222,,
kisasa,kisasa-iringa.dc-iringa,kimala-kilolo.dc-iringa,iringa.dc,kilolo.dc,0,0.222222222,0.222222222,,
kwarugulu,negolo-kilindi.dc-tanga,manolo-lushoto.dc-tanga,kilindi.dc,lushoto.dc,0,0.222222222,0.222222222,,
kwarugulu,negolo-kilindi.dc-tanga,negero-kilindi.dc-tanga,kilindi.dc,kilindi.dc,0,0.222222222,0.222222222,,
kwarugulu.nyumbani,negolo-kilindi.dc-tanga,manolo-lushoto.dc-tanga,kilindi.dc,lushoto.dc,0,0.222222222,0.222222222,,
kwarugulu.nyumbani,negolo-kilindi.dc-tanga,negero-kilindi.dc-tanga,kilindi.dc,kilindi.dc,0,0.222222222,0.222222222,,
lukoma,lukoma-uvinza.dc-kigoma,kigoma-kigoma.municipal.ujiji-kigoma,uvinza.dc,kigoma.municipal.ujiji,0,0.222222222,0.222222222,,
magunga,nkung.ungu-chunya.dc-mbeya,nkunga-rungwe.dc-mbeya,chunya.dc,rungwe.dc,0,0.222222222,0.222222222,,
mahaha,mahaha-magu.dc-mwanza,mahina-nyamagana.mc-mwanza,magu.dc,nyamagana.mc,0,0.222222222,0.222222222,,
majengo,nkung.ungu-chunya.dc-mbeya,nkunga-rungwe.dc-mbeya,chunya.dc,rungwe.dc,0,0.222222222,0.222222222,,
mavimba,milola-ulanga.dc-morogoro,dumila-kilosa.dc-morogoro,ulanga.dc,kilosa.dc,0,0.222222222,0.222222222,,
mavimba,milola-ulanga.dc-morogoro,malolo-kilosa.dc-morogoro,ulanga.dc,kilosa.dc,0,0.222222222,0.222222222,,
mavimba,milola-ulanga.dc-morogoro,ilonga-ulanga.dc-morogoro,ulanga.dc,ulanga.dc,0,0.222222222,0.222222222,,
mavimba,milola-ulanga.dc-morogoro,melela-mvomero.dc-morogoro,ulanga.dc,mvomero.dc,0,0.222222222,0.222222222,,
mavimba.itobanilo,milola-ulanga.dc-morogoro,dumila-kilosa.dc-morogoro,ulanga.dc,kilosa.dc,0,0.222222222,0.222222222,,
mavimba.itobanilo,milola-ulanga.dc-morogoro,malolo-kilosa.dc-morogoro,ulanga.dc,kilosa.dc,0,0.222222222,0.222222222,,
mavimba.itobanilo,milola-ulanga.dc-morogoro,ilonga-ulanga.dc-morogoro,ulanga.dc,ulanga.dc,0,0.222222222,0.222222222,,
mavimba.itobanilo,milola-ulanga.dc-morogoro,melela-mvomero.dc-morogoro,ulanga.dc,mvomero.dc,0,0.222222222,0.222222222,,
mavimba.kaliagogo.nyumbani,milola-ulanga.dc-morogoro,dumila-kilosa.dc-morogoro,ulanga.dc,kilosa.dc,0,0.222222222,0.222222222,,
mavimba.kaliagogo.nyumbani,milola-ulanga.dc-morogoro,malolo-kilosa.dc-morogoro,ulanga.dc,kilosa.dc,0,0.222222222,0.222222222,,
mavimba.kaliagogo.nyumbani,milola-ulanga.dc-morogoro,ilonga-ulanga.dc-morogoro,ulanga.dc,ulanga.dc,0,0.222222222,0.222222222,,
mavimba.kaliagogo.nyumbani,milola-ulanga.dc-morogoro,melela-mvomero.dc-morogoro,ulanga.dc,mvomero.dc,0,0.222222222,0.222222222,,
mavimba.kanyagatwende,milola-ulanga.dc-morogoro,dumila-kilosa.dc-morogoro,ulanga.dc,kilosa.dc,0,0.222222222,0.222222222,,
mavimba.kanyagatwende,milola-ulanga.dc-morogoro,malolo-kilosa.dc-morogoro,ulanga.dc,kilosa.dc,0,0.222222222,0.222222222,,
mavimba.kanyagatwende,milola-ulanga.dc-morogoro,ilonga-ulanga.dc-morogoro,ulanga.dc,ulanga.dc,0,0.222222222,0.222222222,,
mavimba.kanyagatwende,milola-ulanga.dc-morogoro,melela-mvomero.dc-morogoro,ulanga.dc,mvomero.dc,0,0.222222222,0.222222222,,
mavimba.kijijini,milola-ulanga.dc-morogoro,dumila-kilosa.dc-morogoro,ulanga.dc,kilosa.dc,0,0.222222222,0.222222222,,
mavimba.kijijini,milola-ulanga.dc-morogoro,malolo-kilosa.dc-morogoro,ulanga.dc,kilosa.dc,0,0.222222222,0.222222222,,
mavimba.kijijini,milola-ulanga.dc-morogoro,ilonga-ulanga.dc-morogoro,ulanga.dc,ulanga.dc,0,0.222222222,0.222222222,,
mavimba.kijijini,milola-ulanga.dc-morogoro,melela-mvomero.dc-morogoro,ulanga.dc,mvomero.dc,0,0.222222222,0.222222222,,
megelo,megelo-kilindi.dc-tanga,negero-kilindi.dc-tanga,kilindi.dc,kilindi.dc,0,0.222222222,0.222222222,,
mihale,mihale-bunda.dc-mara,mirare-rorya.dc-mara,bunda.dc,rorya.dc,0,0.222222222,0.222222222,,
milola,milola-ulanga.dc-morogoro,dumila-kilosa.dc-morogoro,ulanga.dc,kilosa.dc,0,0.222222222,0.222222222,,
milola,milola-ulanga.dc-morogoro,malolo-kilosa.dc-morogoro,ulanga.dc,kilosa.dc,0,0.222222222,0.222222222,,
milola,milola-ulanga.dc-morogoro,ilonga-ulanga.dc-morogoro,ulanga.dc,ulanga.dc,0,0.222222222,0.222222222,,
milola,milola-ulanga.dc-morogoro,melela-mvomero.dc-morogoro,ulanga.dc,mvomero.dc,0,0.222222222,0.222222222,,
mpinga,mpinga-bahi.dc-dodoma,msanga-chamwino.dc-dodoma,bahi.dc,chamwino.dc,0,0.222222222,0.222222222,,
msalama,songea-songea.dc-ruvuma,mkongotema-madaba.dc-ruvuma,songea.dc,madaba.dc,0,0.222222222,0.222222222,,
mwanzo.mgumu,nkung.ungu-chunya.dc-mbeya,nkunga-rungwe.dc-mbeya,chunya.dc,rungwe.dc,0,0.222222222,0.222222222,,
mwanzoya,itubukilo-bariadi.dc-simiyu,igalukilo-busega.dc-simiyu,bariadi.dc,busega.dc,0,0.222222222,0.222222222,,
mzogole,mpinga-bahi.dc-dodoma,msanga-chamwino.dc-dodoma,bahi.dc,chamwino.dc,0,0.222222222,0.222222222,,
nanji.igumbilo,milola-ulanga.dc-morogoro,dumila-kilosa.dc-morogoro,ulanga.dc,kilosa.dc,0,0.222222222,0.222222222,,
nanji.igumbilo,milola-ulanga.dc-morogoro,malolo-kilosa.dc-morogoro,ulanga.dc,kilosa.dc,0,0.222222222,0.222222222,,
nanji.igumbilo,milola-ulanga.dc-morogoro,ilonga-ulanga.dc-morogoro,ulanga.dc,ulanga.dc,0,0.222222222,0.222222222,,
nanji.igumbilo,milola-ulanga.dc-morogoro,melela-mvomero.dc-morogoro,ulanga.dc,mvomero.dc,0,0.222222222,0.222222222,,
ngalaiwa,nkungu.ngu-chunya.dc-mbeya,nkunga-rungwe.dc-mbeya,chunya.dc,rungwe.dc,0,0.222222222,0.222222222,,
ngalaiwe,nkung.ungu-chunya.dc-mbeya,nkunga-rungwe.dc-mbeya,chunya.dc,rungwe.dc,0,0.222222222,0.222222222,,
nkung.ungu,nkung.ungu-chunya.dc-mbeya,nkunga-rungwe.dc-mbeya,chunya.dc,rungwe.dc,0,0.222222222,0.222222222,,
songea,songea-songea.dc-ruvuma,mkongotema-madaba.dc-ruvuma,songea.dc,madaba.dc,0,0.222222222,0.222222222,,
songea,songea-songea.mc-ruvuma,mkongotema-madaba.dc-ruvuma,songea.mc,madaba.dc,0,0.222222222,0.222222222,,
sumaha,sumaha-kwimba.dc-mwanza,sukuma-magu.dc-mwanza,kwimba.dc,magu.dc,0,0.222222222,0.222222222,,
sumaha,sumaha-kwimba.dc-mwanza,mahina-nyamagana.mc-mwanza,kwimba.dc,nyamagana.mc,0,0.222222222,0.222222222,,
tuliza.moyo,milola-ulanga.dc-morogoro,dumila-kilosa.dc-morogoro,ulanga.dc,kilosa.dc,0,0.222222222,0.222222222,,
tuliza.moyo,milola-ulanga.dc-morogoro,malolo-kilosa.dc-morogoro,ulanga.dc,kilosa.dc,0,0.222222222,0.222222222,,
tuliza.moyo,milola-ulanga.dc-morogoro,ilonga-ulanga.dc-morogoro,ulanga.dc,ulanga.dc,0,0.222222222,0.222222222,,
tuliza.moyo,milola-ulanga.dc-morogoro,melela-mvomero.dc-morogoro,ulanga.dc,mvomero.dc,0,0.222222222,0.222222222,,
tulizamoyo.igumbiro,milola-ulanga.dc-morogoro,dumila-kilosa.dc-morogoro,ulanga.dc,kilosa.dc,0,0.222222222,0.222222222,,
tulizamoyo.igumbiro,milola-ulanga.dc-morogoro,malolo-kilosa.dc-morogoro,ulanga.dc,kilosa.dc,0,0.222222222,0.222222222,,
tulizamoyo.igumbiro,milola-ulanga.dc-morogoro,ilonga-ulanga.dc-morogoro,ulanga.dc,ulanga.dc,0,0.222222222,0.222222222,,
tulizamoyo.igumbiro,milola-ulanga.dc-morogoro,melela-mvomero.dc-morogoro,ulanga.dc,mvomero.dc,0,0.222222222,0.222222222,,
ukombozi,nkung.ungu-chunya.dc-mbeya,nkunga-rungwe.dc-mbeya,chunya.dc,rungwe.dc,0,0.222222222,0.222222222,,
wala,sumaha-kwimba.dc-mwanza,sukuma-magu.dc-mwanza,kwimba.dc,magu.dc,0,0.222222222,0.222222222,,
wala,sumaha-kwimba.dc-mwanza,mahina-nyamagana.mc-mwanza,kwimba.dc,nyamagana.mc,0,0.222222222,0.222222222,,
maleza,maleza-sumbawanga.dc-rukwa,milepa-sumbawanga.dc-rukwa,sumbawanga.dc,sumbawanga.dc,0,0.222222222,0.222222222,,
ntatumbila,ntatumbila-nkasi.dc-rukwa,mnamba-kalambo.dc-rukwa,nkasi.dc,kalambo.dc,0,0.222222222,0.222222222,,
kaelele,mpembe-tanganyika-tanganyika,mwakijembe-mkinga.dc-tanga,tanganyika,mkinga.dc,0.166666667,0.222222222,0.388888889,,
milinda,mpembe-tanganyika-tanganyika,mwakijembe-mkinga.dc-tanga,tanganyika,mkinga.dc,0.166666667,0.222222222,0.388888889,,
mpembe,mpembe-tanganyika-tanganyika,mwakijembe-mkinga.dc-tanga,tanganyika,mkinga.dc,0.166666667,0.222222222,0.388888889,,
haneti,haneti-haneti-haneti,shanwe-mpanda.mc-katavi,haneti,mpanda.mc,0.333333333,0.222222222,0.555555556,,
idumulavanu,ihowanza-muf-muf,chiwanda-nyasa.dc-ruvuma,muf,nyasa.dc,0.5,0.222222222,0.722222222,,
mitobo,burabujiga-bariadi.tc-simiyu,budalabujiga-itilima.dc-simiyu,bariadi.tc,itilima.dc,0,0.227777778,0.227777778,,
msikisi.farm.17.ndomoni.ndomondo,msikisi.nachingwea-masasi.nachingwea-masasi.nachingwea,nachingwea-ruangwa.dc-lindi,masasi.nachingwea,ruangwa.dc,0.407843137,0.231481481,0.639324619,,
msikisi.farm.17.ndomoni.ndomondo,msikisi.nachingwea-masasi.nachingwea-masasi.nachingwea,nachingwea-lindi.mc-lindi,masasi.nachingwea,lindi.mc,0.407843137,0.231481481,0.639324619,,
ngalaiwe,ngalaiwe-chunya.dc-mbeya,igale-mbeya.dc-mbeya,chunya.dc,mbeya.dc,0,0.233333333,0.233333333,,
ngalaiwe,ngalaiwe-chunya.dc-mbeya,ngana-kyela.dc-mbeya,chunya.dc,kyela.dc,0,0.233333333,0.233333333,,
nyatwali,nyatwali-bunda.dc-mara,natta-serengeti.dc-mara,bunda.dc,serengeti.dc,0,0.233333333,0.233333333,,
serengeti,nyatwali-bunda.tc-mara,natta-serengeti.dc-mara,bunda.tc,serengeti.dc,0,0.233333333,0.233333333,,
serengeti,nyatwali-mara-mara,natta-serengeti.dc-mara,mara,serengeti.dc,0,0.233333333,0.233333333,,
tunduma,mwaka-momba.dc-songwe,mwambani-songwe.dc-songwe,momba.dc,songwe.dc,0,0.233333333,0.233333333,,
sibwesa,simbwesa-tanganyika-tanganyika,mwera-pangani.dc-tanga,tanganyika,pangani.dc,0.166666667,0.233333333,0.4,,
sibwesa,simbwesa-tanganyika-tanganyika,kimbe-kilindi.dc-tanga,tanganyika,kilindi.dc,0.166666667,0.233333333,0.4,,
chibuji,nyang.honga-misungwi.dc-mwanza,nyamanga-ukerewe.dc-mwanza,misungwi.dc,ukerewe.dc,0,0.234848485,0.234848485,,
chibuji,nyang.honga-misungwi.dc-mwanza,nyanguge-magu.dc-mwanza,misungwi.dc,magu.dc,0,0.234848485,0.234848485,,
namatumbusi,namatumbusi-nachingwea.dc-lindi,namatula-nachingwea.dc-lindi,nachingwea.dc,nachingwea.dc,0,0.234848485,0.234848485,,
namatumbuzi,namatumbusi-nachingwea.dc-lindi,namatula-nachingwea.dc-lindi,nachingwea.dc,nachingwea.dc,0,0.234848485,0.234848485,,
iringa,ipogoro-iringa.dc-iringa,kihorogota-iringa.dc-iringa,iringa.dc,iringa.dc,0,0.236507937,0.236507937,,
mabambasi,mabambasi-mpimbwe.dc-katavi,magamba-nsimbo.dc-katavi,mpimbwe.dc,nsimbo.dc,0,0.242063492,0.242063492,,
matawale,matawale-masasi.dc-mtwara,mbawala-mtwara.dc-mtwara,masasi.dc,mtwara.dc,0,0.242063492,0.242063492,,
nambunda,mijelejele-masasi.dc-mtwara,mdimba.mpelempele-newala.dc-mtwara,masasi.dc,newala.dc,0,0.243137255,0.243137255,,
bangamoyo,bangamoyo-bahi.dc-dodoma,jangalo-chemba.dc-dodoma,bahi.dc,chemba.dc,0,0.243386243,0.243386243,,
chifutuka,chifutuka-bahi.dc-dodoma,churuku-chemba.dc-dodoma,bahi.dc,chemba.dc,0,0.243386243,0.243386243,,
chiguluka,chiguluka-bahi.dc-dodoma,chinugulu-chamwino.dc-dodoma,bahi.dc,chamwino.dc,0,0.243386243,0.243386243,,
chiguluka,chiguluka-bahi.dc-dodoma,chikola-bahi.dc-dodoma,bahi.dc,bahi.dc,0,0.243386243,0.243386243,,
chiguluka,chiguluka-bahi.dc-dodoma,churuku-chemba.dc-dodoma,bahi.dc,chemba.dc,0,0.243386243,0.243386243,,
luchingu.a,tulindane-newala.dc-mtwara,sindano-masasi.dc-mtwara,newala.dc,masasi.dc,0,0.243386243,0.243386243,,
magaga,chifutuka-bahi.dc-dodoma,churuku-chemba.dc-dodoma,bahi.dc,chemba.dc,0,0.243386243,0.243386243,,
nandangala,nandagala-rungwe.dc-mbeya,nsalaga-mbeya.mc-mbeya,rungwe.dc,mbeya.mc,0,0.243386243,0.243386243,,
tulindane,tulindane-newala.dc-mtwara,sindano-masasi.dc-mtwara,newala.dc,masasi.dc,0,0.243386243,0.243386243,,
tupendane,tulindane-newala.dc-mtwara,sindano-masasi.dc-mtwara,newala.dc,masasi.dc,0,0.243386243,0.243386243,,
katumbila,katumbila-nkasi.dc-rukwa,kisumba-kalambo.dc-rukwa,nkasi.dc,kalambo.dc,0,0.243386243,0.243386243,,
katumbila,katumbila-nkasi.dc-rukwa,mkwamba-nkasi.dc-rukwa,nkasi.dc,nkasi.dc,0,0.243386243,0.243386243,,
mwamnkulu,mwamnkulu-tanganyika-tanganyika,manundu-korogwe.tc-tanga,tanganyika,korogwe.tc,0.166666667,0.243386243,0.41005291,,
mwankulu,mwamnkulu-tanganyika-tanganyika,manundu-korogwe.tc-tanga,tanganyika,korogwe.tc,0.166666667,0.243386243,0.41005291,,
ilangawana,ilangawana-sumbawanga.dc-rukwa,miangalua-sumbawanga.dc-rukwa,sumbawanga.dc,sumbawanga.dc,0,0.244444444,0.244444444,,
mayale,mayale-wanging.ombe.dc-njombe,mbalatse-makete.dc-njombe,wanging.ombe.dc,makete.dc,0,0.247222222,0.247222222,,
ihowanza,ihowanza-ihowanza-ihowanza,mahina-nyamagana.mc-mwanza,ihowanza,nyamagana.mc,0.180555556,0.247222222,0.427777778,,
ihowewanga,ihowewanga-malinyi.dc-morogoro,ngoheranga-malinyi.dc-morogoro,malinyi.dc,malinyi.dc,0,0.247619048,0.247619048,,
isale,kakoma-nkasi.dc-rukwa,kala-nkasi.dc-rukwa,nkasi.dc,nkasi.dc,0,0.25,0.25,,
chibuji,nyangh.ongwa-misungwi.dc-mwanza,nyamanga-ukerewe.dc-mwanza,misungwi.dc,ukerewe.dc,0,0.25,0.25,,
chibuji,nyangh.ongwa-misungwi.dc-mwanza,nyanguge-magu.dc-mwanza,misungwi.dc,magu.dc,0,0.25,0.25,,
ibilishi,ibilishi-maswa.dc-simiyu,busilili-maswa.dc-simiyu,maswa.dc,maswa.dc,0,0.25,0.25,,
kidinda,kidi-bariadi.dc-simiyu,kimali-meatu.dc-simiyu,bariadi.dc,meatu.dc,0,0.25,0.25,,
kidinda,kidi-bariadi.dc-simiyu,kulimi-maswa.dc-simiyu,bariadi.dc,maswa.dc,0,0.25,0.25,,
mkalenda,mkalenda-newala.dc-mtwara,namalenga-masasi.dc-mtwara,newala.dc,masasi.dc,0,0.25,0.25,,
muhunze,kata-kishapu.dc-shinyanga,kinaga-kahama.tc-shinyanga,kishapu.dc,kahama.tc,0,0.25,0.25,,
nakarara,nakarara-masasi.dc-mtwara,nakahako-newala.dc-mtwara,masasi.dc,newala.dc,0,0.25,0.25,,
ntungwa,mkuu-momba.dc-songwe,mkulwe-momba.dc-songwe,momba.dc,momba.dc,0,0.25,0.25,,
mpete,mwadui-sumbawanga.dc-rukwa,mpui-sumbawanga.dc-rukwa,sumbawanga.dc,sumbawanga.dc,0,0.25,0.25,,
santa.maria,mwamkulu-tanganyika-tanganyika,makuyuni-korogwe.dc-tanga,tanganyika,korogwe.dc,0.166666667,0.25,0.416666667,,
mapo,mapo-mapo-mapo,makojo-musoma.dc-mara,mapo,musoma.dc,0.333333333,0.25,0.583333333,,
mapo,mapo-mapo-mapo,mcharo-bunda.tc-mara,mapo,bunda.tc,0.333333333,0.25,0.583333333,,
mapo,mapo-mapo-mapo,makoko-musoma.mc-mara,mapo,musoma.mc,0.333333333,0.25,0.583333333,,
dutwa.mwasamba,dutwa.lamadi-bariadi.busega-bariadi.busega,salama-bunda.dc-mara,bariadi.busega,bunda.dc,0.345238095,0.25,0.595238095,,
nanyumbu.tabora.mbeya.sumbawanga,nanyumbu.mbeya.sumbawanga.tabora-nanyumbu.mbeya.tabora.sumbawanga-nanyumbu.mbeya.tabora.sumbawanga,nanyumbu-nanyumbu.dc-mtwara,nanyumbu.mbeya.tabora.sumbawanga,nanyumbu.dc,0.470138889,0.25,0.720138889,,
chala,chala-namanyere-namanyere,chapakazi-kiteto.dc-manyara,namanyere,kiteto.dc,0.26984127,0.251851852,0.521693122,,
mashete,mashete-nkasi.dc-rukwa,katete-kalambo.dc-rukwa,nkasi.dc,kalambo.dc,0,0.253968254,0.253968254,,
ibindi,ibindi-nsimbo.dc-katavi,kibaoni-mpimbwe.dc-katavi,nsimbo.dc,mpimbwe.dc,0,0.253968254,0.253968254,,
igombe,kabila-magu.dc-mwanza,nkalalo-kwimba.dc-mwanza,magu.dc,kwimba.dc,0,0.253968254,0.253968254,,
kabila,kabila-kwimba.dc-mwanza,nkalalo-kwimba.dc-mwanza,kwimba.dc,kwimba.dc,0,0.253968254,0.253968254,,
kabila,kabila-magu.dc-mwanza,nkalalo-kwimba.dc-mwanza,magu.dc,kwimba.dc,0,0.253968254,0.253968254,,
kilida,mfinga-mpimbwe.dc-katavi,inyonga-mlele.dc-katavi,mpimbwe.dc,mlele.dc,0,0.253968254,0.253968254,,
kinyope,kinyope-lindi.dc-lindi,kikole-kilwa.dc-lindi,lindi.dc,kilwa.dc,0,0.253968254,0.253968254,,
kinyope.lindi,kinyope-lindi.dc-lindi,kikole-kilwa.dc-lindi,lindi.dc,kilwa.dc,0,0.253968254,0.253968254,,
lupunga,lupunga-malinyi.dc-morogoro,lumuma-kilosa.dc-morogoro,malinyi.dc,kilosa.dc,0,0.253968254,0.253968254,,
lupunga,lupunga-malinyi.dc-morogoro,ilonga-ulanga.dc-morogoro,malinyi.dc,ulanga.dc,0,0.253968254,0.253968254,,
magula,magula-nsimbo.dc-katavi,magamba-nsimbo.dc-katavi,nsimbo.dc,nsimbo.dc,0,0.253968254,0.253968254,,
mbao,ntungwa-momba.dc-songwe,ipunga-mbozi.dc-songwe,momba.dc,mbozi.dc,0,0.253968254,0.253968254,,
mbao,ntungwa-momba.dc-songwe,myunga-momba.dc-songwe,momba.dc,momba.dc,0,0.253968254,0.253968254,,
mkongeni,dakawa-mvomero.dc-morogoro,ifakara-ifakara.tc-morogoro,mvomero.dc,ifakara.tc,0,0.253968254,0.253968254,,
mwabuhi,kabila-kwimba.dc-mwanza,nkalalo-kwimba.dc-mwanza,kwimba.dc,kwimba.dc,0,0.253968254,0.253968254,,
mwagoli,kabila-magu.dc-mwanza,nkalalo-kwimba.dc-mwanza,magu.dc,kwimba.dc,0,0.253968254,0.253968254,,
n.gwang.wale,kamondo-bariadi.tc-simiyu,kadoto-maswa.dc-simiyu,bariadi.tc,maswa.dc,0,0.253968254,0.253968254,,
ndagalu,kabila-magu.dc-mwanza,nkalalo-kwimba.dc-mwanza,magu.dc,kwimba.dc,0,0.253968254,0.253968254,,
ndibwa,ndibwa-masasi.dc-mtwara,madimba-mtwara.dc-mtwara,masasi.dc,mtwara.dc,0,0.253968254,0.253968254,,
ndibwa,ndibwa-masasi.dc-mtwara,dihimba-mtwara.dc-mtwara,masasi.dc,mtwara.dc,0,0.253968254,0.253968254,,
ndibwa,ndibwa-masasi.dc-mtwara,ndumbwe-mtwara.dc-mtwara,masasi.dc,mtwara.dc,0,0.253968254,0.253968254,,
nduha,kabila-kwimba.dc-mwanza,nkalalo-kwimba.dc-mwanza,kwimba.dc,kwimba.dc,0,0.253968254,0.253968254,,
sunsula,sunsula-bariadi.dc-simiyu,sukuma-maswa.dc-simiyu,bariadi.dc,maswa.dc,0,0.253968254,0.253968254,,
tegeta,tegeta-kinondoni.mc-dar.es.salaam,segerea-ilala.mc-dar.es.salaam,kinondoni.mc,ilala.mc,0,0.253968254,0.253968254,,
wami.sokoine,dakawa-mvomero.dc-morogoro,ifakara-ifakara.tc-morogoro,mvomero.dc,ifakara.tc,0,0.253968254,0.253968254,,
shinyanga.mwenge,shinyanga.mwenge-maswa.dc-simiyu,kinang.weli-itilima.dc-simiyu,maswa.dc,itilima.dc,0,0.257575758,0.257575758,,
mbeya.iringa.na.newala,mbeya.iringa.na.newala-mbeya.iringa.na.newala-mbeya.iringa.na.newala,manga-tarime.dc-mara,mbeya.iringa.na.newala,tarime.dc,0.272727273,0.257575758,0.53030303,,
laini,laini-itilima.dc-simiyu,malili-busega.dc-simiyu,itilima.dc,busega.dc,0,0.261111111,0.261111111,,
ikizi,ikizi-nkasi.dc-rukwa,kipili-nkasi.dc-rukwa,nkasi.dc,nkasi.dc,0,0.261111111,0.261111111,,
chimendeli,chimendeli-bahi.dc-dodoma,chiboli-chamwino.dc-dodoma,bahi.dc,chamwino.dc,0,0.261904762,0.261904762,,
imalauduki,kamsisi-mlele.dc-katavi,kashaulili-mpanda.mc-katavi,mlele.dc,mpanda.mc,0,0.261904762,0.261904762,,
imarauduki,kamsisi-mlele.dc-katavi,kashaulili-mpanda.mc-katavi,mlele.dc,mpanda.mc,0,0.261904762,0.261904762,,
kamsisi,kamsisi-mlele.dc-katavi,kashaulili-mpanda.mc-katavi,mlele.dc,mpanda.mc,0,0.261904762,0.261904762,,
kiningi.na,kiningi.na-ifakara.tc-morogoro,kisanga-kilosa.dc-morogoro,ifakara.tc,kilosa.dc,0,0.261904762,0.261904762,,
kiningi.na,kiningi.na-ifakara.tc-morogoro,tindiga-kilosa.dc-morogoro,ifakara.tc,kilosa.dc,0,0.261904762,0.261904762,,
kinyika,kinyika-iringa.dc-iringa,kinyanambo-mafinga.tc-iringa,iringa.dc,mafinga.tc,0,0.261904762,0.261904762,,
majengo,majengo-mpanda.dc-katavi,makanyagio-mpanda.mc-katavi,mpanda.dc,mpanda.mc,0,0.261904762,0.261904762,,
songambele,kamsisi-mlele.dc-katavi,kashaulili-mpanda.mc-katavi,mlele.dc,mpanda.mc,0,0.261904762,0.261904762,,
farm.17.nachingwea.mihima.lukuledi.mpanyani.ndomoni,nachingwea.mpanyani.lukuledi-nachingwea.mpanyani.lukuledi-nachingwea.mpanyani.lukuledi,nangwa-hanang.dc-manyara,nachingwea.mpanyani.lukuledi,hanang.dc,0.420634921,0.261904762,0.682539683,,
kidalimanda,kidalimanda-bariadi.dc-simiyu,kimali-meatu.dc-simiyu,bariadi.dc,meatu.dc,0,0.262626263,0.262626263,,
chingali,njiwa-malinyi.dc-morogoro,bigwa-morogoro.mc-morogoro,malinyi.dc,morogoro.mc,0,0.266666667,0.266666667,,
mbeha,mbeha-mvomero.dc-morogoro,mvuha-morogoro.dc-morogoro,mvomero.dc,morogoro.dc,0,0.266666667,0.266666667,,
mbeha,mbeha-mvomero.dc-morogoro,mbuga-ulanga.dc-morogoro,mvomero.dc,ulanga.dc,0,0.266666667,0.266666667,,
mbeya,mbeya-mbeya.dc-mbeya,mwaya-kyela.dc-mbeya,mbeya.dc,kyela.dc,0,0.266666667,0.266666667,,
nkome,nkome-bahi.dc-dodoma,njoge-kongwa.dc-dodoma,bahi.dc,kongwa.dc,0,0.266666667,0.266666667,,
tunduma,sogea-songwe.dc-songwe,sange-ileje.dc-songwe,songwe.dc,ileje.dc,0,0.266666667,0.266666667,,
mbeya,mbeya-mwanjelwa-mwanjelwa,malya-kwimba.dc-mwanza,mwanjelwa,kwimba.dc,0.203703704,0.266666667,0.47037037,,
igaganulwa,dutwa-dutwa-dutwa,miuta-tandahimba.dc-mtwara,dutwa,tandahimba.dc,0.3,0.266666667,0.566666667,,
mbalagani,mbalagani-maswa.dc-simiyu,lamadi-busega.dc-simiyu,maswa.dc,busega.dc,0,0.27037037,0.27037037,,
nhundi,gatuli-kwimba.dc-mwanza,kagunguli-ukerewe.dc-mwanza,kwimba.dc,ukerewe.dc,0,0.27037037,0.27037037,,
sulu,mbalagani-maswa.dc-simiyu,lamadi-busega.dc-simiyu,maswa.dc,busega.dc,0,0.27037037,0.27037037,,
njombe,chaugingi-rujewa-rujewa,chanji-sumbawanga.mc-rukwa,rujewa,sumbawanga.mc,0.177777778,0.27037037,0.448148148,,
mayamaya,mayamaya-bahi.dc-dodoma,mbalawala-dodoma.cc-dodoma,bahi.dc,dodoma.cc,0,0.273148148,0.273148148,,
mpanda,majalila-mpanda.dc-katavi,mwamapuli-mpimbwe.dc-katavi,mpanda.dc,mpimbwe.dc,0,0.273148148,0.273148148,,
nyamswa,nyamuswa-bariadi.tc-simiyu,nyamalapa-itilima.dc-simiyu,bariadi.tc,itilima.dc,0,0.273148148,0.273148148,,
migato.laini.tundaburigi,tindaburigi-itilima.na.meatu-itilima.na.meatu,lutindi-korogwe.dc-tanga,itilima.na.meatu,korogwe.dc,0.316666667,0.277056277,0.593722944,,
chalisuka,madibira-mufindi.dc-iringa,maboga-iringa.dc-iringa,mufindi.dc,iringa.dc,0,0.277777778,0.277777778,,
iringa,iringa-iringa.mc-iringa,rungemba-mafinga.tc-iringa,iringa.mc,mafinga.tc,0,0.277777778,0.277777778,,
meta,newala-newala.dc-mtwara,nitekela-nanyamba.tc-mtwara,newala.dc,nanyamba.tc,0,0.277777778,0.277777778,,
misufini.uhuru.park,misufini-morogoro.mc-morogoro,mikumi-kilosa.dc-morogoro,morogoro.mc,kilosa.dc,0,0.277777778,0.277777778,,
misufini.uhuru.park,misufini-morogoro.mc-morogoro,msingisi-gairo.dc-morogoro,morogoro.mc,gairo.dc,0,0.277777778,0.277777778,,
mkudumba,newala-newala.dc-mtwara,nitekela-nanyamba.tc-mtwara,newala.dc,nanyamba.tc,0,0.277777778,0.277777778,,
newala,newala-masasi.dc-mtwara,nitekela-nanyamba.tc-mtwara,masasi.dc,nanyamba.tc,0,0.277777778,0.277777778,,
newala,newala-newala.dc-mtwara,nitekela-nanyamba.tc-mtwara,newala.dc,nanyamba.tc,0,0.277777778,0.277777778,,
nkhwenda,nkhwenda-bahi.dc-dodoma,mnenia-kondoa.dc-dodoma,bahi.dc,kondoa.dc,0,0.277777778,0.277777778,,
sulu,mbalagane-maswa.dc-simiyu,budalabujiga-itilima.dc-simiyu,maswa.dc,itilima.dc,0,0.277777778,0.277777778,,
kaparamsenga,kaparamsenga-tanganyika-tanganyika,mabalanga-kilindi.dc-tanga,tanganyika,kilindi.dc,0.166666667,0.277777778,0.444444444,,
paramawe,paramawe-namanyere-namanyere,makame-kiteto.dc-manyara,namanyere,kiteto.dc,0.26984127,0.277777778,0.547619048,,
uingo,kabale-misungwi.dc-mwanza,kalebezo-buchosa.dc-mwanza,misungwi.dc,buchosa.dc,0,0.280555556,0.280555556,,
ilambo,kilangawqna-sumbawanga.dc-rukwa,kasanga-kalambo.dc-rukwa,sumbawanga.dc,kalambo.dc,0,0.282467532,0.282467532,,
ilambo,kolangawana-sumbawanga.dc-rukwa,kasanga-kalambo.dc-rukwa,sumbawanga.dc,kalambo.dc,0,0.282467532,0.282467532,,
kilangawana,kilangawana-sumbawanga.dc-rukwa,kasanga-kalambo.dc-rukwa,sumbawanga.dc,kalambo.dc,0,0.282467532,0.282467532,,
maleza,kilangawana-sumbawanga.dc-rukwa,kasanga-kalambo.dc-rukwa,sumbawanga.dc,kalambo.dc,0,0.282467532,0.282467532,,
mtapenda,kilangawana-sumbawanga.dc-rukwa,kasanga-kalambo.dc-rukwa,sumbawanga.dc,kalambo.dc,0,0.282467532,0.282467532,,
chunya.mjini,chunya.mjini-chunya.dc-mbeya,iyunga.mapinduzi-mbeya.dc-mbeya,chunya.dc,mbeya.dc,0,0.284722222,0.284722222,,
kadashi,kadashi-kwimba.dc-mwanza,bujashi-magu.dc-mwanza,kwimba.dc,magu.dc,0,0.285714286,0.285714286,,
kadashi,kadashi-kwimba.dc-mwanza,kasenyi-sengerema.dc-mwanza,kwimba.dc,sengerema.dc,0,0.285714286,0.285714286,,
mufindi,mufindi-mufindi.dc-iringa,mshindo-iringa.mc-iringa,mufindi.dc,iringa.mc,0,0.285714286,0.285714286,,
turiani,turiani-mvomero.dc-morogoro,kibaoni-ifakara.tc-morogoro,mvomero.dc,ifakara.tc,0,0.285714286,0.285714286,,
turiani,turiani-mvomero.dc-morogoro,mlimani-morogoro.mc-morogoro,mvomero.dc,morogoro.mc,0,0.285714286,0.285714286,,
kintinku,kintinku-bahi.dc-dodoma,kingiti-mpwapwa.dc-dodoma,bahi.dc,mpwapwa.dc,0,0.286904762,0.286904762,,
mwankwaya,banehmi-bariadi.dc-simiyu,buchambi-maswa.dc-simiyu,bariadi.dc,maswa.dc,0,0.286904762,0.286904762,,
nyashimo,kibinda-busega.dc-simiyu,ikindiro-itilima.dc-simiyu,busega.dc,itilima.dc,0,0.286904762,0.286904762,,
udimaa,kintinku-bahi.dc-dodoma,kingiti-mpwapwa.dc-dodoma,bahi.dc,mpwapwa.dc,0,0.286904762,0.286904762,,
nkhome,nkhome-bahi.dc-dodoma,chang.ombe-dodoma.cc-dodoma,bahi.dc,dodoma.cc,0,0.288888889,0.288888889,,
zingakibaoni,zingakibaoni-kilwa.dc-lindi,tingi-kilwa.dc-lindi,kilwa.dc,kilwa.dc,0,0.288888889,0.288888889,,
ilambo,kilyamatundu-sumbawanga.dc-rukwa,kipande-nkasi.dc-rukwa,sumbawanga.dc,nkasi.dc,0,0.28968254,0.28968254,,
kilyamatundu,kilyamatundu-sumbawanga.dc-rukwa,kipande-nkasi.dc-rukwa,sumbawanga.dc,nkasi.dc,0,0.28968254,0.28968254,,
ilambo,kilyamatundu-sumbawanga.dc-rukwa,kirando-nkasi.dc-rukwa,sumbawanga.dc,nkasi.dc,0,0.28968254,0.28968254,,
kilyamatundu,kilyamatundu-sumbawanga.dc-rukwa,kirando-nkasi.dc-rukwa,sumbawanga.dc,nkasi.dc,0,0.28968254,0.28968254,,
mbeya.mjini,mbeya.mjini-mbeya.dc-mbeya,mabatini-mbeya.mc-mbeya,mbeya.dc,mbeya.mc,0,0.29040404,0.29040404,,
mbao,mbao-momba.dc-songwe,mbangala-songwe.dc-songwe,momba.dc,songwe.dc,0,0.291666667,0.291666667,,
ntungwa,mbao-momba.dc-songwe,mbangala-songwe.dc-songwe,momba.dc,songwe.dc,0,0.291666667,0.291666667,,
kagunga,kasekese-tanganyika-tanganyika,kwashemshi-korogwe.dc-tanga,tanganyika,korogwe.dc,0.166666667,0.291666667,0.458333333,,
kasekese,kasekese-tanganyika-tanganyika,kwashemshi-korogwe.dc-tanga,tanganyika,korogwe.dc,0.166666667,0.291666667,0.458333333,,
itindi,swahila-nkasi.dc-rukwa,chala-nkasi.dc-rukwa,nkasi.dc,nkasi.dc,0,0.292857143,0.292857143,,
mwanza.machinjioni,mwanza.machinjioni-mwanza.machinjioni-mwanza.machinjioni,mwamanga-magu.dc-mwanza,mwanza.machinjioni,magu.dc,0.222222222,0.292989418,0.51521164,,
chilulumo,chilulumo-mbeya.dc-mbeya,ilungu-mbeya.dc-mbeya,mbeya.dc,mbeya.dc,0,0.296296296,0.296296296,,
kalemela,chamngasa-busega.dc-simiyu,isanga-bariadi.tc-simiyu,busega.dc,bariadi.tc,0,0.296296296,0.296296296,,
kalemela,chamngasa-busega.dc-simiyu,sagata-itilima.dc-simiyu,busega.dc,itilima.dc,0,0.296296296,0.296296296,,
kalemela,chamngasa-busega.dc-simiyu,isanga-maswa.dc-simiyu,busega.dc,maswa.dc,0,0.296296296,0.296296296,,
kangaga,chang.ombe.mawindi-mbarali.dc-mbeya,ihango-mbeya.dc-mbeya,mbarali.dc,mbeya.dc,0,0.296296296,0.296296296,,
kasisi,upendo-chunya.dc-mbeya,maendeleo-mbeya.dc-mbeya,chunya.dc,mbeya.dc,0,0.296296296,0.296296296,,
kasisi,upendo-chunya.dc-mbeya,maendeleo-mbeya.mc-mbeya,chunya.dc,mbeya.mc,0,0.296296296,0.296296296,,
majengo,upendo-chunya.dc-mbeya,maendeleo-mbeya.dc-mbeya,chunya.dc,mbeya.dc,0,0.296296296,0.296296296,,
majengo,upendo-chunya.dc-mbeya,maendeleo-mbeya.mc-mbeya,chunya.dc,mbeya.mc,0,0.296296296,0.296296296,,
malangali,upendo-chunya.dc-mbeya,maendeleo-mbeya.dc-mbeya,chunya.dc,mbeya.dc,0,0.296296296,0.296296296,,
malangali,upendo-chunya.dc-mbeya,maendeleo-mbeya.mc-mbeya,chunya.dc,mbeya.mc,0,0.296296296,0.296296296,,
mwamagisi,chamngasa-busega.dc-simiyu,isanga-bariadi.tc-simiyu,busega.dc,bariadi.tc,0,0.296296296,0.296296296,,
mwamagisi,chamngasa-busega.dc-simiyu,sagata-itilima.dc-simiyu,busega.dc,itilima.dc,0,0.296296296,0.296296296,,
mwamagisi,chamngasa-busega.dc-simiyu,isanga-maswa.dc-simiyu,busega.dc,maswa.dc,0,0.296296296,0.296296296,,
nyamikoma,nyamikoma-busega.dc-simiyu,nyamalapa-itilima.dc-simiyu,busega.dc,itilima.dc,0,0.296296296,0.296296296,,
ukwangu,upendo-chunya.dc-mbeya,maendeleo-mbeya.dc-mbeya,chunya.dc,mbeya.dc,0,0.296296296,0.296296296,,
ukwangu,upendo-chunya.dc-mbeya,maendeleo-mbeya.mc-mbeya,chunya.dc,mbeya.mc,0,0.296296296,0.296296296,,
upendo,upendo-chunya.dc-mbeya,maendeleo-mbeya.dc-mbeya,chunya.dc,mbeya.dc,0,0.296296296,0.296296296,,
upendo,upendo-chunya.dc-mbeya,maendeleo-mbeya.mc-mbeya,chunya.dc,mbeya.mc,0,0.296296296,0.296296296,,
tatumbila,tatumbila-nkasi.dc-rukwa,mnamba-kalambo.dc-rukwa,nkasi.dc,kalambo.dc,0,0.296296296,0.296296296,,
imalilosongwe,imalilosongwe-songwe.dc-songwe,mlowo-mbozi.dc-songwe,songwe.dc,mbozi.dc,0,0.297435897,0.297435897,,
namwawala,namwawala-malinyi.dc-morogoro,uwanja.wa.taifa-morogoro.mc-morogoro,malinyi.dc,morogoro.mc,0,0.299470899,0.299470899,,
ntuchi,tuchi-nkasi.dc-rukwa,chanji-sumbawanga.mc-rukwa,nkasi.dc,sumbawanga.mc,0,0.3,0.3,,
ivuna,momba-sumbawanga.dc-rukwa,ilemba-sumbawanga.dc-rukwa,sumbawanga.dc,sumbawanga.dc,0,0.3,0.3,,
ntalamila,ivuna-nkasi.dc-rukwa,mfinga-sumbawanga.dc-rukwa,nkasi.dc,sumbawanga.dc,0,0.3,0.3,,
chapwa,chapwa-mbozi.dc-songwe,vwawa-mbozi.dc-songwe,mbozi.dc,mbozi.dc,0,0.3,0.3,,
dodoma,dodoma-dodoma.cc-dodoma,ovada-chemba.dc-dodoma,dodoma.cc,chemba.dc,0,0.3,0.3,,
dodoma,dodoma-dodoma.cc-dodoma,mondo-chemba.dc-dodoma,dodoma.cc,chemba.dc,0,0.3,0.3,,
dodoma,dodoma-dodoma.cc-dodoma,goima-chemba.dc-dodoma,dodoma.cc,chemba.dc,0,0.3,0.3,,
ibolyo,ibolyo-bariadi.dc-simiyu,gilya-bariadi.dc-simiyu,bariadi.dc,bariadi.dc,0,0.3,0.3,,
iguru,iguru-bariadi.dc-simiyu,guduwi-bariadi.tc-simiyu,bariadi.dc,bariadi.tc,0,0.3,0.3,,
meatu.simiyu,meatu-meatu.dc-simiyu,migato-itilima.dc-simiyu,meatu.dc,itilima.dc,0,0.3,0.3,,
mpemba.tunduma,mpemba-momba.dc-songwe,mbebe-ileje.dc-songwe,momba.dc,ileje.dc,0,0.3,0.3,,
mpemba.tunduma,mpemba-momba.dc-songwe,mpapa-momba.dc-songwe,momba.dc,momba.dc,0,0.3,0.3,,
mweniemba,mkuru-momba.dc-songwe,mkulwe-momba.dc-songwe,momba.dc,momba.dc,0,0.3,0.3,,
chonga,myula-nkasi.dc-rukwa,milepa-sumbawanga.dc-rukwa,nkasi.dc,sumbawanga.dc,0,0.3,0.3,,
nobola,nobola-magu.dc-mwanza,ngoma-ukerewe.dc-mwanza,magu.dc,ukerewe.dc,0,0.3,0.3,,
myula,myula-nkasi.dc-rukwa,milepa-sumbawanga.dc-rukwa,nkasi.dc,sumbawanga.dc,0,0.3,0.3,,
ivuna,momba-sumbawanga.dc-rukwa,mwimbi-kalambo.dc-rukwa,sumbawanga.dc,kalambo.dc,0,0.3,0.3,,
ntuchi,ntuchi-namanyere-namanyere,matui-kiteto.dc-manyara,namanyere,kiteto.dc,0.26984127,0.3,0.56984127,,
masasi.mtangalanga.chitekete.makonga,mitesa.mbuyuni.newala.mji-newala.masasi-newala.masasi,mzimuni-kinondoni.mc-dar.es.salaam,newala.masasi,kinondoni.mc,0.303846154,0.300952381,0.604798535,,
tabora,tabora-tabora.mc-tabora,tambukareli-tabora.mc-tabora,tabora.mc,tabora.mc,0,0.304040404,0.304040404,,
mandang.ombe,mbaragane-maswa.dc-simiyu,madobana-bariadi.dc-simiyu,maswa.dc,bariadi.dc,0,0.305555556,0.305555556,,
mbagalambuyuni,kata.mkonona-nanyumbu.dc-mtwara,likokona-nanyumbu.dc-mtwara,nanyumbu.dc,nanyumbu.dc,0,0.305555556,0.305555556,,
mbagalambuyuni,kata.mkonona-nanyumbu.dc-mtwara,mkonona-nanyumbu.dc-mtwara,nanyumbu.dc,nanyumbu.dc,0,0.305555556,0.305555556,,
mbaragane,mbaragane-maswa.dc-simiyu,madobana-bariadi.dc-simiyu,maswa.dc,bariadi.dc,0,0.305555556,0.305555556,,
sulu,mbaragane-maswa.dc-simiyu,madobana-bariadi.dc-simiyu,maswa.dc,bariadi.dc,0,0.305555556,0.305555556,,
kanindi,majimoto-sumbawanga.dc-rukwa,majengo-sumbawanga.mc-rukwa,sumbawanga.dc,sumbawanga.mc,0,0.30952381,0.30952381,,
kilabela,banemhi-bariadi.dc-simiyu,mwanhuzi-meatu.dc-simiyu,bariadi.dc,meatu.dc,0,0.30952381,0.30952381,,
mbugani,banemhi-bariadi.dc-simiyu,mwanhuzi-meatu.dc-simiyu,bariadi.dc,meatu.dc,0,0.30952381,0.30952381,,
mkumbwanye,boliboli-iringa.dc-iringa,nyololo-mufindi.dc-iringa,iringa.dc,mufindi.dc,0,0.30952381,0.30952381,,
ng.wang.aranga,ng.wang.aranga-kwimba.dc-mwanza,ng.haya-magu.dc-mwanza,kwimba.dc,magu.dc,0,0.30952381,0.30952381,,
tunduru,tunduru-tunduru.dc-ruvuma,muhuruku-songea.dc-ruvuma,tunduru.dc,songea.dc,0,0.30952381,0.30952381,,
uwanja.wa.fisi,wapiwapi-masasi.dc-mtwara,railway-mtwara.mc-mtwara,masasi.dc,mtwara.mc,0,0.30952381,0.30952381,,
iringa.manispaa,iringa.manispaa-iringa.mc-iringa,mgama-iringa.dc-iringa,iringa.mc,iringa.dc,0,0.311111111,0.311111111,,
laini.meatu.langangabiriri,laini.meatu.langangabiriri-itilima.na.meatu.maswa-itilima.na.meatu.maswa,pangani.magharibi-pangani.dc-tanga,itilima.na.meatu.maswa,pangani.dc,0.339393939,0.313574661,0.6529686,,
kilangawana,iilangawqna-sumbawanga.dc-rukwa,miangalua-sumbawanga.dc-rukwa,sumbawanga.dc,sumbawanga.dc,0,0.314333814,0.314333814,,
mwamkulu,mwamkulu-nkasi.dc-rukwa,mkali-kalambo.dc-rukwa,nkasi.dc,kalambo.dc,0,0.316666667,0.316666667,,
laini.migato,laini.migato-itilima.dc-simiyu,isanga-bariadi.tc-simiyu,itilima.dc,bariadi.tc,0,0.316666667,0.316666667,,
laini.migato,laini.migato-itilima.dc-simiyu,isanga-maswa.dc-simiyu,itilima.dc,maswa.dc,0,0.316666667,0.316666667,,
mbuyu.kwa.mbuyu,mbuyu.kwa.mbuyu-nanyumbu.dc-mtwara,mbuyuni-masasi.dc-mtwara,nanyumbu.dc,masasi.dc,0,0.317460317,0.317460317,,
kisii.kenya,kisii.kenya-kenya-kenya,kisondela-rungwe.dc-mbeya,kenya,rungwe.dc,0.266666667,0.318181818,0.584848485,,
ifakara,viwanja.sitini-ifakara.tc-morogoro,kiwanja.cha.ndege-morogoro.mc-morogoro,ifakara.tc,morogoro.mc,0,0.319327731,0.319327731,,
kichangani,viwanja.sitini-ifakara.tc-morogoro,kiwanja.cha.ndege-morogoro.mc-morogoro,ifakara.tc,morogoro.mc,0,0.319327731,0.319327731,,
viwanja.sitini,viwanja.sitini-ifakara.tc-morogoro,kiwanja.cha.ndege-morogoro.mc-morogoro,ifakara.tc,morogoro.mc,0,0.319327731,0.319327731,,
itindi,paramawe-nkasi.dc-rukwa,kalambanzite-sumbawanga.dc-rukwa,nkasi.dc,sumbawanga.dc,0,0.319444444,0.319444444,,
paramawe,paramawe-nkasi.dc-rukwa,kalambanzite-sumbawanga.dc-rukwa,nkasi.dc,sumbawanga.dc,0,0.319444444,0.319444444,,
buzunza,kidinda-bariadi.tc-simiyu,binza-maswa.dc-simiyu,bariadi.tc,maswa.dc,0,0.323809524,0.323809524,,
chamela,chamela-kwimba.dc-mwanza,igala-ukerewe.dc-mwanza,kwimba.dc,ukerewe.dc,0,0.323809524,0.323809524,,
chamela,chamela-kwimba.dc-mwanza,pamba-nyamagana.mc-mwanza,kwimba.dc,nyamagana.mc,0,0.323809524,0.323809524,,
chamela,chamela-kwimba.dc-mwanza,walla-kwimba.dc-mwanza,kwimba.dc,kwimba.dc,0,0.323809524,0.323809524,,
gohe,gohee-kilindi.dc-tanga,hemtoye-lushoto.dc-tanga,kilindi.dc,lushoto.dc,0,0.323809524,0.323809524,,
gohe,gohee-kilindi.dc-tanga,ngomeni-muheza.dc-tanga,kilindi.dc,muheza.dc,0,0.323809524,0.323809524,,
gohe,gohee-kilindi.dc-tanga,kigombe-muheza.dc-tanga,kilindi.dc,muheza.dc,0,0.323809524,0.323809524,,
gohe,gohee-kilindi.dc-tanga,gombero-mkinga.dc-tanga,kilindi.dc,mkinga.dc,0,0.323809524,0.323809524,,
idiwili,itiwili-mbozi.dc-songwe,itale-ileje.dc-songwe,mbozi.dc,ileje.dc,0,0.323809524,0.323809524,,
igegu,igegu-bariadi.dc-simiyu,lingeka-meatu.dc-simiyu,bariadi.dc,meatu.dc,0,0.323809524,0.323809524,,
kidinda,kidinda-bariadi.dc-simiyu,binza-maswa.dc-simiyu,bariadi.dc,maswa.dc,0,0.323809524,0.323809524,,
kidinda,kidinda-bariadi.tc-simiyu,binza-maswa.dc-simiyu,bariadi.tc,maswa.dc,0,0.323809524,0.323809524,,
kidinda.mnadani,kidinda-bariadi.tc-simiyu,binza-maswa.dc-simiyu,bariadi.tc,maswa.dc,0,0.323809524,0.323809524,,
kidulya,kidinda-bariadi.tc-simiyu,binza-maswa.dc-simiyu,bariadi.tc,maswa.dc,0,0.323809524,0.323809524,,
kijiji.cha.lyandu.nyumbani,uponera-ulanga.dc-morogoro,konde-morogoro.dc-morogoro,ulanga.dc,morogoro.dc,0,0.323809524,0.323809524,,
mapili,pwaga-mlele.dc-katavi,magamba-nsimbo.dc-katavi,mlele.dc,nsimbo.dc,0,0.323809524,0.323809524,,
mnadani.kidinda,kidinda-bariadi.tc-simiyu,binza-maswa.dc-simiyu,bariadi.tc,maswa.dc,0,0.323809524,0.323809524,,
msadia,nyambwe-mpimbwe.dc-katavi,mamba-mpimbwe.dc-katavi,mpimbwe.dc,mpimbwe.dc,0,0.323809524,0.323809524,,
nyambwe,nyambwe-mpimbwe.dc-katavi,mamba-mpimbwe.dc-katavi,mpimbwe.dc,mpimbwe.dc,0,0.323809524,0.323809524,,
uponera.ibuyu,uponera-ulanga.dc-morogoro,konde-morogoro.dc-morogoro,ulanga.dc,morogoro.dc,0,0.323809524,0.323809524,,
masasi.dar.es.salaam.newala,masasi.dar.es.salaam.newala-masasi.newala-masasi.newala,masaba-butiama.dc-mara,masasi.newala,butiama.dc,0.33974359,0.327160494,0.666904084,,
njombe,chaugingi-njombe.dc-njombe,lugenge-njombe.mc-njombe,njombe.dc,njombe.mc,0,0.328042328,0.328042328,,
ntalamila,ntalamila-namanyere-namanyere,nambisi-mbulu.tc-manyara,namanyere,mbulu.tc,0.26984127,0.328042328,0.597883598,,
ntalamila,ntalamila-namanyere-namanyere,nangara-babati.mc-manyara,namanyere,babati.mc,0.26984127,0.328042328,0.597883598,,
chilulumo,mkomba-momba.dc-songwe,itumba-ileje.dc-songwe,momba.dc,ileje.dc,0,0.333333333,0.333333333,,
chilulumo,mkomba-momba.dc-songwe,igamba-mbozi.dc-songwe,momba.dc,mbozi.dc,0,0.333333333,0.333333333,,
ilengo,mkomba-momba.dc-songwe,itumba-ileje.dc-songwe,momba.dc,ileje.dc,0,0.333333333,0.333333333,,
ilengo,mkomba-momba.dc-songwe,igamba-mbozi.dc-songwe,momba.dc,mbozi.dc,0,0.333333333,0.333333333,,
isazya,mkomba-momba.dc-songwe,itumba-ileje.dc-songwe,momba.dc,ileje.dc,0,0.333333333,0.333333333,,
isazya,mkomba-momba.dc-songwe,igamba-mbozi.dc-songwe,momba.dc,mbozi.dc,0,0.333333333,0.333333333,,
jija,jija-bariadi.dc-simiyu,sima-bariadi.tc-simiyu,bariadi.dc,bariadi.tc,0,0.333333333,0.333333333,,
mbao,mkomba-momba.dc-songwe,itumba-ileje.dc-songwe,momba.dc,ileje.dc,0,0.333333333,0.333333333,,
mbao,mkomba-momba.dc-songwe,igamba-mbozi.dc-songwe,momba.dc,mbozi.dc,0,0.333333333,0.333333333,,
milimate,milimate-nsimbo.dc-katavi,majimoto-mpimbwe.dc-katavi,nsimbo.dc,mpimbwe.dc,0,0.333333333,0.333333333,,
mkomba,mkomba-momba.dc-songwe,itumba-ileje.dc-songwe,momba.dc,ileje.dc,0,0.333333333,0.333333333,,
mkomba,mkomba-momba.dc-songwe,igamba-mbozi.dc-songwe,momba.dc,mbozi.dc,0,0.333333333,0.333333333,,
ntungwa,mkomba-momba.dc-songwe,itumba-ileje.dc-songwe,momba.dc,ileje.dc,0,0.333333333,0.333333333,,
ntungwa,mkomba-momba.dc-songwe,igamba-mbozi.dc-songwe,momba.dc,mbozi.dc,0,0.333333333,0.333333333,,
sante,mkomba-momba.dc-songwe,itumba-ileje.dc-songwe,momba.dc,ileje.dc,0,0.333333333,0.333333333,,
sante,mkomba-momba.dc-songwe,igamba-mbozi.dc-songwe,momba.dc,mbozi.dc,0,0.333333333,0.333333333,,
ulwilaulwila,ulwilaulwila-nsimbo.dc-katavi,urwira-nsimbo.dc-katavi,nsimbo.dc,nsimbo.dc,0,0.333333333,0.333333333,,
upanga,silabu-masasi.dc-mtwara,naumbu-mtwara.dc-mtwara,masasi.dc,mtwara.dc,0,0.333333333,0.333333333,,
upanga,silabu-masasi.dc-mtwara,sululu-masasi.tc-mtwara,masasi.dc,masasi.tc,0,0.333333333,0.333333333,,
wapiwapi,silabu-masasi.dc-mtwara,naumbu-mtwara.dc-mtwara,masasi.dc,mtwara.dc,0,0.333333333,0.333333333,,
wapiwapi,silabu-masasi.dc-mtwara,sululu-masasi.tc-mtwara,masasi.dc,masasi.tc,0,0.333333333,0.333333333,,
pwani.dar.es.salaam,pwani.dar.es.salaam-pwani.dar.es.salaam-pwani.dar.es.salaam,tandale-kinondoni.mc-dar.es.salaam,pwani.dar.es.salaam,kinondoni.mc,0.233468286,0.34085213,0.574320416,,
bagamoyo,bagamoyo-pwani-pwani,janga-kibaha.dc-pwani,pwani,kibaha.dc,0,0.341666667,0.341666667,,
bagamoyo,bagamoyo-pwani-pwani,kanga-mafia.dc-pwani,pwani,mafia.dc,0,0.341666667,0.341666667,,
mawale,parakuyo-kilosa.dc-morogoro,gairo-gairo.dc-morogoro,kilosa.dc,gairo.dc,0,0.341666667,0.341666667,,
dodoma.na.dar.es.salaam,dodoma.na.dar.es.salaam-dodoma.cc-dodoma,mazae-mpwapwa.dc-dodoma,dodoma.cc,mpwapwa.dc,0,0.342028986,0.342028986,,
nanyumbu.masasi.mjini.maparawe,nanyumbu.napupa.mchauru-masasi.nanyumbu-masasi.nanyumbu,gamba-kaskazini.a-kaskazini.unguja,masasi.nanyumbu,kaskazini.a,0.302777778,0.342028986,0.644806763,,
magudugudu,magudugudu-chamwino.dc-dodoma,mundemu-bahi.dc-dodoma,chamwino.dc,bahi.dc,0,0.342857143,0.342857143,,
ifakara,viwanjasitini-ifakara.tc-morogoro,mkwatani-kilosa.dc-morogoro,ifakara.tc,kilosa.dc,0,0.346153846,0.346153846,,
viwanjasitini.nyumbani,viwanjasitini-ifakara.tc-morogoro,mkwatani-kilosa.dc-morogoro,ifakara.tc,kilosa.dc,0,0.346153846,0.346153846,,
chalinze,chalinze-chalinze.dc-pwani,mlanzi-kibiti.dc-pwani,chalinze.dc,kibiti.dc,0,0.347222222,0.347222222,,
newala.na.nanyumbu,newala.na.nanyumbu-newala.na.nanyumbu-newala.na.nanyumbu,mwananyamala-kinondoni.mc-dar.es.salaam,newala.na.nanyumbu,kinondoni.mc,0.398860399,0.353703704,0.752564103,,
mashete,mashetw-nkasi.dc-rukwa,katete-kalambo.dc-rukwa,nkasi.dc,kalambo.dc,0,0.357142857,0.357142857,,
izigila,jikwiti-ulanga.dc-morogoro,mikumi-kilosa.dc-morogoro,ulanga.dc,kilosa.dc,0,0.357142857,0.357142857,,
lupaso,lupaso-masasi.dc-mtwara,luagala-tandahimba.dc-mtwara,masasi.dc,tandahimba.dc,0,0.357142857,0.357142857,,
mashete,mashetw-nkasi.dc-rukwa,mwazye-kalambo.dc-rukwa,nkasi.dc,kalambo.dc,0,0.357142857,0.357142857,,
mbangala,lupaso-masasi.dc-mtwara,luagala-tandahimba.dc-mtwara,masasi.dc,tandahimba.dc,0,0.357142857,0.357142857,,
ntuchi,ntuchi-nkasi.dc-rukwa,sintali-nkasi.dc-rukwa,nkasi.dc,nkasi.dc,0,0.357142857,0.357142857,,
halaka,hezia-mbozi.dc-songwe,saza-songwe.dc-songwe,mbozi.dc,songwe.dc,0,0.366666667,0.366666667,,
halaka,hezia-mbozi.dc-songwe,msia-mbozi.dc-songwe,mbozi.dc,mbozi.dc,0,0.366666667,0.366666667,,
muze,muze-mpimbwe.dc-katavi,mwese-mpanda.dc-katavi,mpimbwe.dc,mpanda.dc,0,0.366666667,0.366666667,,
muze,muze-mpimbwe.dc-katavi,mbede-mpimbwe.dc-katavi,mpimbwe.dc,mpimbwe.dc,0,0.366666667,0.366666667,,
dar.es.salaam,dar.es.salaam-dar.es.salaam-dar.es.salaam,sandali-temeke.mc-dar.es.salaam,dar.es.salaam,temeke.mc,0,0.367032967,0.367032967,,
sentaunyenya,madiru-mpimbwe.dc-katavi,majimoto-mpimbwe.dc-katavi,mpimbwe.dc,mpimbwe.dc,0,0.375,0.375,,
chamalendi,chamalendi-mpimbwe.dc-katavi,machimboni-nsimbo.dc-katavi,mpimbwe.dc,nsimbo.dc,0,0.377777778,0.377777778,,
idiwili,idiwili-mbozi.dc-songwe,chiwezi-momba.dc-songwe,mbozi.dc,momba.dc,0,0.380952381,0.380952381,,
ilomba,idiwili-mbozi.dc-songwe,chiwezi-momba.dc-songwe,mbozi.dc,momba.dc,0,0.380952381,0.380952381,,
ululu,idiwili-mbozi.dc-songwe,chiwezi-momba.dc-songwe,mbozi.dc,momba.dc,0,0.380952381,0.380952381,,
urulu,idiwili-mbozi.dc-songwe,chiwezi-momba.dc-songwe,mbozi.dc,momba.dc,0,0.380952381,0.380952381,,
njombe,anasambaza.kata.mbali.mbali-njombe.dc-njombe,matamba-makete.dc-njombe,njombe.dc,makete.dc,0,0.389770723,0.389770723,,
mwaya.nyumbani.na.wengine.mnada.wa.lukande,kata.ya.mwaya.na.kata.ya.lukande-ulanga.dc-morogoro,mkwatani-kilosa.dc-morogoro,ulanga.dc,kilosa.dc,0,0.421130952,0.421130952,,